X1,X2,Y
0.3382734443588973,4.5196807448492535,0.0
5.104177033947444,7.523120263124013,0.0
5.43520441274486,3.0459364084427554,0.0
3.441273320863192,6.920733548866423,0.0
2.383150476638313,3.704182489212242,0.0
2.9762140976095854,5.3089862189591,0.0
3.2497688978938464,4.499748962556383,0.0
4.796179764720869,5.670211138900455,0.0
3.333682682613986,5.298152345252197,0.0
4.010968556175042,5.443439319929242,0.0
3.195471707490128,5.087565657009027,0.0
1.7309363815355483,5.288553921629616,0.0
5.674463735515273,5.567875862317595,0.0
2.7269178734360686,5.704139851122147,0.0
1.6794326799378214,6.212526056118137,0.0
2.713502613935083,5.629866928064161,0.0
2.5104392277540786,6.643339245910733,0.0
3.674478278750392,6.991757124681686,0.0
1.8210779822265264,5.05473599469831,0.0
2.5542918160128165,5.064254930872414,0.0
2.0729341883211263,4.511413027410493,0.0
4.303036334339863,6.260622278283357,0.0
0.6712735444995555,5.897017793589563,0.0
2.616500541876082,6.046282826161526,0.0
2.5230816870327764,5.62699847907843,0.0
3.556524180247635,5.390274497006465,0.0
4.59540180774821,8.547308762432536,0.0
3.0192691212800598,7.073794025504901,0.0
1.7420751012640465,6.1352485843961695,0.0
2.8640500751782083,5.474502382748261,0.0
1.6111498908578543,7.292487257378618,0.0
4.171853872716637,6.676612543413934,0.0
4.070307586633035,6.225034817120891,0.0
2.897303878105505,5.923901974857044,0.0
1.1650932903421474,6.089413927376988,0.0
1.4768423884890303,5.4022419841886204,0.0
0.4219014506586358,6.141639524599752,0.0
0.16712083171489622,5.236974719491674,0.0
0.9064913496418825,5.835145198365903,0.0
3.152988867760453,5.627849950936874,0.0
0.7990901617896791,5.13403044864194,0.0
2.545787541717884,5.344729190804419,0.0
3.2183731800958766,6.154425367403822,0.0
1.5069839774938907,8.825313203490657,0.0
2.29349510379858,4.945563951362934,0.0
5.4182226690946935,7.864701859146734,0.0
2.7294349216881573,7.2166770135500595,0.0
4.388828902599502,6.475656026668493,0.0
3.8042071650461056,5.02886783836343,0.0
3.6070036046582628,4.544590959542593,0.0
2.765892584043351,4.949918754811876,0.0
3.111168856276636,5.739507316751894,0.0
0.6602058698266342,6.0845212955484635,0.0
2.5830698576375726,5.599893508415976,0.0
3.0716324532150505,6.1206429382905725,0.0
5.107749723446052,4.4677620909361995,0.0
2.147773548863294,7.198951730970294,0.0
2.6682454799385806,6.921719932555682,0.0
1.9540101161006427,6.640895847473382,0.0
5.119230614498319,5.485823525875627,0.0
2.636035472639824,5.754516294124619,0.0
1.3457433227416529,6.64779884307729,0.0
1.8787405284147483,7.063123000813086,0.0
3.6529541740126557,7.814520546141813,0.0
2.8227606771446507,5.884558109659688,0.0
3.6134528967456245,7.766742819037779,0.0
4.194090200712343,6.900018972286182,0.0
4.588042509238486,4.100052090330799,0.0
1.6984036893484082,6.291178721572615,0.0
3.8155941443715804,7.784329100433977,0.0
4.329944437547124,6.272753793067399,0.0
2.315046344739553,5.8580190453943555,0.0
4.140845187225382,7.400270215110173,0.0
2.3079472527789173,7.015441403165859,0.0
0.8695197044508927,8.542231307469796,0.0
2.319578642562918,5.829809431461416,0.0
5.024829002870407,4.63333741831601,0.0
4.231588145039137,4.810564860855618,0.0
4.079485405980071,6.133345164676256,0.0
2.749079020224626,7.113737155177583,0.0
4.523581791067964,5.2119654282466845,0.0
0.6880038458617257,6.220574741861511,0.0
3.6069868136632124,7.834076300406109,0.0
3.2464787455318835,3.97756289886016,0.0
2.4067194899501443,3.728543366826942,0.0
3.104449683890788,5.625212859575629,0.0
4.199233956649839,6.796194951005105,0.0
1.772900248477873,6.678435091802304,0.0
2.802066966481804,5.352970930159485,0.0
2.6947371155863937,7.22433302484752,0.0
3.39704693533963,7.523949907128399,0.0
1.9959941846103966,4.160879185442802,0.0
2.3514814097816705,5.810866499336894,0.0
3.08258787274407,7.311978171584897,0.0
3.9602498751116184,7.221676946273506,0.0
2.0483573150853647,4.7808828100976415,0.0
3.2854980813039485,6.134287883233381,0.0
3.1533264995681356,4.9787637301388665,0.0
4.588515885034438,6.817122741673403,0.0
5.198795243260897,6.4971657005555485,0.0
5.318690152002507,5.938577584504836,0.0
2.869622945049912,6.041933961355952,0.0
1.892700952751749,5.22421703845699,0.0
3.2179160249828427,5.568081338063793,0.0
3.363381304489171,6.139160065909267,0.0
3.7487059703274253,6.575050442793964,0.0
4.872095832366506,5.544903709605959,0.0
1.7907241326454488,7.795424679184318,0.0
0.8333746908631818,6.405712614612912,0.0
2.7331985753299897,7.2157817430321565,0.0
1.6115007299584354,6.544972140269536,0.0
2.0410235364190745,6.373627710207202,0.0
3.9044932445121847,6.811038583723807,0.0
2.652281154264889,5.774621093704971,0.0
2.0460069859140564,5.5146938370545335,0.0
2.5046292907802017,5.776998489314365,0.0
3.565411388243986,3.9244534889033194,0.0
4.591020012434839,7.260678727973771,0.0
2.648773109362674,6.111060361484877,0.0
5.047859516262536,5.121786249326831,0.0
2.133931120552125,5.157483969316799,0.0
1.7018276126465317,5.256564471524907,0.0
3.9733954230105653,6.51020580863611,0.0
3.783387045519948,7.7113474545282354,0.0
1.8872604314912294,5.976365232116816,0.0
4.013520147848566,5.8485886570475,0.0
2.8768341196748737,7.170226923796166,0.0
4.29058110623827,5.006202572365446,0.0
1.6835547761364118,4.463398812404443,0.0
5.891587772301177,5.715748812762772,0.0
3.481265533051378,6.176109604411926,0.0
3.8955204329240365,5.256190314802162,0.0
1.7073631207459479,4.917779874147175,0.0
3.294056097677431,7.131477834102922,0.0
3.4256970766763075,6.644676360250818,0.0
5.261788543862963,5.8149446982161015,0.0
2.337446057038833,4.438743266284893,0.0
2.9695532298792853,6.958219574953653,0.0
4.140139953413952,5.862976970737666,0.0
4.1989438551820015,4.585339509843884,0.0
1.9103800954192816,5.366401466610469,0.0
3.533715116020137,5.475465679002514,0.0
6.215242356790195,6.9122521803413095,0.0
3.4767908452135416,6.280342746399915,0.0
3.6064022161542795,5.955651018499811,0.0
2.631883742656945,5.238976516156576,0.0
2.8900028685788084,4.872103153578823,0.0
4.132007469515234,7.803285838837711,0.0
3.0158623675772365,6.53733772438026,0.0
3.0990311045262273,6.0998702938309,0.0
1.5830451039323596,5.370057661664793,0.0
2.9583837985530286,4.55173004623077,0.0
4.821309765224731,4.1151635558603,0.0
2.685678695039235,4.884609311789109,0.0
3.4503193056335437,4.471595299384539,0.0
2.5218566812766565,5.681830360089438,0.0
3.1565102570645287,5.296850991188555,0.0
4.16362821845702,6.3439574547866995,0.0
2.0678619534575544,6.921484337764947,0.0
1.7786679352374049,2.952388274342193,0.0
2.838146522587735,3.957599030691833,0.0
2.2291386856515127,5.255993635698076,0.0
1.2533537305745528,5.778509224638698,0.0
1.4892912642582987,5.960428395229543,0.0
4.4782477769329,8.110445642810342,0.0
3.5100493188194193,5.6260107293303525,0.0
2.918259724648987,6.403678938985253,0.0
3.186309909089018,4.706734671889956,0.0
2.0868714883982245,5.755302875798367,0.0
1.8844007127595583,6.720367180731839,0.0
2.4856807319151013,6.517773680589425,0.0
2.418379267456216,7.498740826500537,0.0
0.9784937460863836,6.097596284454788,0.0
2.9615616348298994,6.060450916044869,0.0
1.6644604729894739,7.244905572595469,0.0
2.1540423460960985,7.3097279117380385,0.0
2.981539296665449,6.227103566263282,0.0
2.8301833502845755,4.570135706331056,0.0
3.393862771978111,4.459345216439955,0.0
2.319538804702911,3.164957697584607,0.0
3.567759046675855,5.814792627690028,0.0
1.9202238875741438,4.65104586426487,0.0
4.434673245969254,5.2738158801956425,0.0
5.351323525517334,6.457106402461179,0.0
4.311768710340083,7.373621057019648,0.0
3.1987913991164394,4.749195104852571,0.0
2.780948578003136,5.835326509722529,0.0
1.3766071050657063,7.033733636192733,0.0
1.4382350690952703,7.728905168177706,0.0
4.028173378330937,2.4196340799110763,0.0
3.9624267760251812,3.5669166758911377,0.0
3.659166366888159,9.752341056141972,0.0
2.9957003659544723,5.492568498477632,0.0
3.5412350637040158,6.099392298670898,0.0
1.916745836605189,6.089513141013491,0.0
0.9772058277575253,7.815935748949129,0.0
2.171693890251942,5.519572488048568,0.0
2.6732445769027633,5.138603121956678,0.0
0.19239040337771351,5.80616562448092,0.0
4.336470579011775,7.860995653399558,0.0
4.199950205661258,7.4512750112421235,0.0
4.3106145152983535,7.493924418325522,0.0
1.9906068154610954,5.389975808518586,0.0
2.827083673556534,6.9604966851132515,0.0
1.8042185928178152,7.254178140912407,0.0
3.495574557668162,5.063610857770323,0.0
4.147214833205955,4.402927293162834,0.0
2.6204596972792276,6.670995465978195,0.0
1.9305510558519348,4.548473068166605,0.0
1.835690143784001,6.875456533661956,0.0
3.2779314232147674,6.8814576772644624,0.0
3.1853144969138008,5.6177803198968,0.0
4.522794959574887,7.776531561677886,0.0
0.03124135316505905,4.521872632393681,0.0
3.039886540749702,4.9717478584123285,0.0
2.9497974526914876,5.983587438856864,0.0
3.328830159043223,5.064285409233506,0.0
1.4911902586471246,5.586974284735096,0.0
5.368855307556617,7.063133333044978,0.0
6.444225825847501,7.387728216824254,0.0
2.22386643139643,5.074279908396009,0.0
4.609673124087723,4.432011415523031,0.0
3.9012709417499734,6.937389203852753,0.0
3.363257381919799,3.5837141441135434,0.0
1.9955360369430544,7.760235328993664,0.0
3.4814964156601182,6.154991775354203,0.0
3.187411937116038,5.7786522645221865,0.0
3.39018344186972,5.115454089637988,0.0
3.076750744519673,8.496637748918227,0.0
2.0245700456870024,7.400807435301337,0.0
3.633477101530799,3.2996210641009203,0.0
4.674122097120054,5.808236012950007,0.0
0.8896493025224719,5.606581532774737,0.0
2.2657164761938398,6.595961488897078,0.0
2.598986623847822,4.9593814218813845,0.0
1.0935185881868463,6.145709184440364,0.0
2.4304266441929774,5.224429860504206,0.0
4.328402461657118,7.2005453210651105,0.0
3.2153193105246825,4.055999445709015,0.0
3.7420016287738966,5.020398718683552,0.0
1.9328537605006741,5.1975127507237335,0.0
4.4141593136485895,3.547173490199892,0.0
0.8578417368978251,5.596248204475548,0.0
4.323258274953286,5.845567946251237,0.0
3.3784772271953467,3.73070128815486,0.0
2.1533413967580044,4.072760834904695,0.0
1.5387787320933812,7.946044139491001,0.0
3.0778878490008124,4.215088568645909,0.0
4.199805597672334,6.427622870205873,0.0
2.0268778679669532,5.694033170314388,0.0
0.9211312121081656,5.011624601859191,0.0
0.6217093632053841,4.833692766196334,0.0
1.6460889522206354,5.607421261557852,0.0
2.4740249566246924,7.794675359558207,0.0
3.517835672493324,5.6496127972517485,0.0
3.91186787398833,7.267217326972137,0.0
3.8469414351461535,5.893443392789018,0.0
3.1851547494934858,5.357218494837425,0.0
2.8591214946077543,6.108799134033708,0.0
4.292456259889716,6.32396799514187,0.0
3.8530509946832137,5.553375782327193,0.0
2.3487044572265,6.78008919754525,0.0
2.6732033860435718,5.906475109249512,0.0
2.5729202657989427,5.2948786777548715,0.0
2.986795659168285,4.467758559316421,0.0
4.033755437379737,3.7130906208319696,0.0
0.6883952595347429,7.889288387121511,0.0
4.886390155696004,6.220259613812417,0.0
2.0911240186097144,7.8583569966283155,0.0
3.776535264073909,6.125540920934739,0.0
2.581141115491566,7.997511975110619,0.0
0.8589141510818026,5.897568997102066,0.0
4.098723874938395,6.831995616016529,0.0
4.019465569840482,7.363725632696119,0.0
1.93171415006382,8.132014853560037,0.0
4.629662314883888,7.035064272742105,0.0
4.896430962363988,5.2393139435013,0.0
2.73251181571137,6.35442203940532,0.0
2.9152151309160557,4.1003888586632815,0.0
3.9529610093772654,3.8824024797930465,0.0
3.403591966265141,7.608511672470353,0.0
1.8549160174662933,6.7292797412297185,0.0
2.6739511602028747,6.1003367467709815,0.0
3.2269227273761647,5.676683812751418,0.0
3.3938007846423948,5.564055334951113,0.0
2.377926654246984,4.8285407197785215,0.0
0.7750069140980478,7.22242640747808,0.0
1.3847944494980342,6.759299323579686,0.0
2.648967776706495,6.187481291708369,0.0
5.334766958984822,6.182236279385151,0.0
4.491063821089513,5.138246392719743,0.0
1.1885988587634153,6.12536245828824,0.0
1.598963130029765,6.453503952691729,0.0
3.313949437404579,5.792533872589441,0.0
4.519751417223813,5.288693122204361,0.0
4.726442335595473,5.505358970437389,0.0
3.1606075027630345,6.445192374660924,0.0
2.530189503854088,5.478623124496901,0.0
1.273733930986693,5.258052100459999,0.0
6.114006740656697,6.843780317258162,0.0
2.8551027247355383,6.438569176838295,0.0
2.313221063796048,3.5157515285011,0.0
3.2290407214336643,6.0107919624890656,0.0
1.8902898605962717,5.533215064178201,0.0
3.877713748516803,4.509302007570858,0.0
2.801889388589673,6.415135706914279,0.0
2.6494180665904397,3.598406996666596,0.0
3.967532265826142,7.780304924244465,0.0
0.974494077850018,4.559349965461324,0.0
3.213274705690033,5.5642382539015305,0.0
1.420766434581552,5.3677225952490835,0.0
2.7957273224495265,6.103436104627017,0.0
2.911762066328071,3.845998437546385,0.0
1.693934228477684,5.467765519684991,0.0
2.796978141532881,7.179511475902947,0.0
3.4302101333467596,7.022072885336032,0.0
2.001090060150851,6.114740765318814,0.0
2.193596119021241,6.036773877739272,0.0
2.4173098475317825,5.379434310936001,0.0
1.487209315502264,5.525325804756842,0.0
2.4385852288069385,7.616377128929465,0.0
2.77034477552332,5.734017739432405,0.0
3.230502092487203,5.517313448831589,0.0
4.342334968659933,6.257540630206085,0.0
2.743012788310927,7.79459287704445,0.0
5.1134484236849005,6.918200188620092,0.0
2.0899842136462636,3.5929985201736487,0.0
2.5157123691120824,7.440244531633873,0.0
3.9065029796265804,7.103198677236461,0.0
4.386654489600788,5.764557268981241,0.0
0.8541692225245168,5.7983547919240745,0.0
3.4221431319614193,6.424820891349323,0.0
3.721724544748601,5.909972224947617,0.0
2.7125182553473306,7.44833124293223,0.0
3.0254552047293615,5.773924779236862,0.0
5.562296602776847,5.086636250764189,0.0
0.9590650546147432,4.579279360846308,0.0
3.8087780693988136,5.302045793706538,0.0
3.6138561025667464,6.126821154444973,0.0
2.781464346614269,5.97704642756047,0.0
3.385378468091456,8.169649426942673,0.0
2.889777509790904,7.272570468563128,0.0
3.2300372427559974,5.016208363797006,0.0
1.7417599733432187,5.602398375637537,0.0
2.2888424530625593,5.992242902356632,0.0
3.420245113851083,3.1123150992854374,0.0
4.175514863201953,6.919525396876413,0.0
2.6593105578541274,6.024238426705874,0.0
3.343211504170804,6.774068826280861,0.0
2.6820367536620586,6.463815689998955,0.0
0.8859522850028387,2.2952186192897495,0.0
3.6746462310861623,7.768871284299015,0.0
2.8527502729091294,7.61785588889641,0.0
4.422237843486723,6.035361279306667,0.0
1.3984633378184266,3.666548816539285,0.0
2.73465828115749,6.029479826548987,0.0
3.6546163286929776,4.611739246569751,0.0
0.9059032008562071,8.795364342633828,0.0
5.003149955767144,7.650686988374648,0.0
2.412889621153071,7.092097631843707,0.0
2.091075609280238,3.541126889889533,0.0
1.808962803302598,6.894645515691643,0.0
2.9643992719759558,6.609209993261716,0.0
1.1835731008345052,5.452526326868137,0.0
5.372159688477427,8.680427454767592,0.0
2.9384302435906533,4.261894040239312,0.0
2.772730233478408,6.756579794271174,0.0
1.1001351885731074,7.539546451821116,0.0
3.141891665497937,6.633807454296114,0.0
3.955477375127846,5.6644882157085314,0.0
5.271894159647399,6.904743822124961,0.0
4.514134439093402,3.908700952188842,0.0
2.5286482465969393,5.565394076288961,0.0
3.0603970384623924,5.312784671858069,0.0
0.5447051719439577,4.146905386375908,0.0
1.2062454683016341,6.0341695930793975,0.0
2.271019830121942,5.821503110462309,0.0
2.848859055310998,5.347041070051032,0.0
2.0548304751303954,6.858014800071304,0.0
0.6154578666163775,5.997819796941938,0.0
3.929573458321677,7.284556113106407,0.0
2.7677667414231557,4.619980380644064,0.0
4.912556710821853,4.922665378328311,0.0
4.807952812532701,8.06975886790115,0.0
3.343727098929467,6.430127377452494,0.0
2.5075951161720216,6.274576929318225,0.0
3.216739319087918,6.066210998683502,0.0
3.3248196790889426,5.738646908356041,0.0
2.759302702472084,5.137478928862279,0.0
2.98932982525027,4.8830595846519,0.0
3.4492296341856954,4.669981409148131,0.0
5.924335759251534,4.5822313437867646,0.0
4.180167376861616,6.264741882467171,0.0
1.8684863596828094,4.1348055371463035,0.0
3.791422236801796,4.941379119471782,0.0
2.481045144483895,5.686988005523759,0.0
2.58092710090016,7.404846832052145,0.0
3.851946514325912,7.270630413455635,0.0
1.43778502372162,7.446264880911226,0.0
2.196444498385697,5.824594317047583,0.0
3.1073417146758064,4.601188975399479,0.0
3.0756784287019925,8.148064721172808,0.0
3.716238250746568,4.835987202489928,0.0
2.5460665852084112,5.075797837829078,0.0
2.9402106168147375,4.735941015039669,0.0
4.736199814781696,6.775618265630763,0.0
1.1781796857525333,5.635211285873414,0.0
4.928609703950248,7.13032327003277,0.0
3.512253245730184,4.920426790381085,0.0
3.487286009469508,8.326991370003372,0.0
2.9301129638556302,7.764495162109133,0.0
3.9787204563527525,5.119209130449331,0.0
2.0657299390789152,5.605900510786897,0.0
3.292234717824388,6.199849648999638,0.0
3.893234301374549,5.68061812544547,0.0
2.2639657490165854,6.20367629974244,0.0
2.726201420307313,2.462826743121865,0.0
2.362768187257801,7.822086632294362,0.0
3.111764114057862,7.535146486210095,0.0
2.6251115924348225,7.171882894858157,0.0
3.7335471480437814,5.838071566290509,0.0
4.3263195401468435,5.997663523089672,0.0
2.019865502420409,4.420930303693226,0.0
3.409863319435159,6.395756919005021,0.0
5.083723826759397,6.744982322029255,0.0
1.6638637323040797,5.859089837188199,0.0
-0.3292952020278048,4.960047668530496,0.0
0.867752635884599,5.190730451087403,0.0
2.4184246580109656,7.491912597072618,0.0
2.982765223559067,4.990858242222606,0.0
1.8891466506479626,5.458107707987203,0.0
5.149774994363888,5.559110532544866,0.0
4.084758176850924,5.757083299985533,0.0
2.020111877300894,5.603424651327535,0.0
2.682174994133957,5.808649007956509,0.0
3.598378916740429,4.568442081420038,0.0
3.6920180327065575,5.560011331883195,0.0
3.699881772280767,4.520042124528542,0.0
3.543073911343508,7.157233430697358,0.0
2.1512061757619723,6.811085208853915,0.0
4.101900876542723,6.030348687170992,0.0
1.9962031865998908,7.454370800639085,0.0
2.932879964657176,6.086974029066631,0.0
1.5025914258603414,7.322008439034272,0.0
2.7297747997040585,3.8684226346468265,0.0
3.1046486582620596,5.586766157342184,0.0
4.729178247810702,6.23764975958218,0.0
2.4331259380840145,5.216915242124705,0.0
3.457726818589788,6.316082135621073,0.0
3.517187067547493,7.064105951577419,0.0
3.8087246513102873,7.0210178970432136,0.0
4.838551028829404,8.582601375389231,0.0
2.6143852581816684,7.734645628338447,0.0
1.4276555717748354,7.5078889641120305,0.0
3.760452006964684,8.027843681311074,0.0
4.074874932234126,5.633443763267053,0.0
2.987353218470806,5.487609153287409,0.0
5.702303424589286,4.936627642241773,0.0
2.800296398492334,5.878629125152254,0.0
4.9168157641377235,3.634448307417241,0.0
0.620943360807289,7.132980431136178,0.0
4.0701343600393765,4.2056343043828734,0.0
0.004028766059775091,5.421082173653634,0.0
5.3082056724399305,7.078802987988296,0.0
0.9035921652495902,6.65009942578761,0.0
2.047318982110297,6.006247885644071,0.0
3.303758244382117,5.572076449861528,0.0
3.981891060280545,3.925599098547052,0.0
2.8070313596958405,6.195750854511525,0.0
1.0827030595712355,8.426795532863494,0.0
2.7175134459136676,7.578478232524446,0.0
3.12700045974839,7.37801949201843,0.0
2.701137557026815,7.13563791929184,0.0
3.9208560480409336,2.568044622574975,0.0
3.6775594876302407,6.846516289360133,0.0
3.8956945963789176,6.371272847272248,0.0
2.125483059895955,6.618915531470036,0.0
1.5787471656052232,5.747855503073289,0.0
1.5791806881402304,4.013291455950697,0.0
4.190458934384733,6.243248591358797,0.0
3.229933234597765,8.589721808035684,0.0
1.784954141271271,7.1129015663274515,0.0
4.683310325386044,6.818269406678508,0.0
2.398722490570252,5.490284842996303,0.0
4.55393813019664,6.996000376968959,0.0
3.9439909276165923,7.587212079148371,0.0
4.1455779414048575,6.8942256621324765,0.0
3.5498419826243053,6.459269556673722,0.0
3.453792058732932,8.973212944098702,0.0
4.346635227968864,6.550998316304016,0.0
4.720329771425954,7.158039662641943,0.0
2.6238118813899503,7.287604832426718,0.0
3.8979624894429135,4.740415099630843,0.0
0.6821425501893219,4.701080046580529,0.0
2.4016916340191217,7.806953589313418,0.0
3.7112388954009736,4.666384790386124,0.0
2.1269070814310753,4.07969745627773,0.0
2.9909103436305506,4.587223003515575,0.0
3.8389783551665935,5.234024326273929,0.0
3.046508598723768,4.644547750552627,0.0
3.6954210698063825,2.949247793159559,1.0
7.122913935049837,4.484468405368423,1.0
4.673782331199627,3.2128888280408154,1.0
6.578932910124222,3.5640187859164447,1.0
2.6473189022756682,4.412571987510778,1.0
5.646928328338015,1.9803107811678338,1.0
6.700981668696664,2.858105352968728,1.0
6.380379179434716,3.816051101725677,1.0
7.7104335933121835,5.126142081101163,1.0
6.0846264671475865,5.415498092590413,1.0
1.9561795367141421,5.084703503139071,1.0
4.796872798143586,3.8487931171965886,1.0
6.218393257788577,5.212849719845584,1.0
5.496622804459343,3.2226457664492276,1.0
5.655782756977061,4.009328286025616,1.0
6.953695285093824,4.451227054369376,1.0
1.8898488770749342,5.4022148987551155,1.0
5.065796253875168,2.939833338430109,1.0
5.704286929083459,6.291924143510444,1.0
5.468888442806842,3.723699617069227,1.0
5.603205335778287,3.955176665518351,1.0
6.804392715062839,3.1741415323675533,1.0
9.24498489769812,4.8697932889118825,1.0
3.768721492072138,4.4197366607099475,1.0
7.505519447343457,3.7643391570536613,1.0
4.333047688762772,3.9908101295690486,1.0
6.554657816311391,3.7600601140466323,1.0
4.8422930711216186,3.6862873056403282,1.0
4.841075159487893,2.454254520548467,1.0
7.387116041380232,0.10418921753062094,1.0
6.527665431615915,4.491684063819635,1.0
1.5990569656854228,6.266141258104476,1.0
6.041161649850048,6.040155119746554,1.0
7.259870597188867,4.639062937730267,1.0
5.181815880231457,4.19320451668558,1.0
4.55801579455283,2.278629571242283,1.0
6.264130955880338,4.287808654395434,1.0
1.5999562076098441,4.935798470815868,1.0
5.599976752149129,3.31088319516403,1.0
5.749921060689638,3.4588334229584246,1.0
4.5970158160860874,4.87176886368403,1.0
3.3070952381694907,2.497066687697325,1.0
3.7367034345147774,5.109406480324588,1.0
5.374068935218156,1.8372038169615768,1.0
5.492359035324743,3.7602020348229273,1.0
4.586756763054829,5.5627573283792575,1.0
7.064367044902118,2.5308448028071187,1.0
1.9522917640416906,5.137530478147019,1.0
4.446360323661598,4.021623094466253,1.0
6.241598541895848,5.725343519075861,1.0
6.034520144270857,4.504758783511425,1.0
4.328949856541723,4.4550036948721985,1.0
3.558523833424805,2.8234853511948943,1.0
6.153582659643237,3.599208253490769,1.0
1.2131771765124393,3.988186030002891,1.0
2.997358753594197,3.475328192351874,1.0
8.394539145205242,5.2074845759374755,1.0
6.177749671030839,5.857332859129986,1.0
4.2789024155765505,4.662406069537143,1.0
5.739521875376504,3.5285065639243407,1.0
4.79902158733101,5.153202451663239,1.0
7.083696788527821,6.545161519088998,1.0
4.787308702213806,0.4590745933600102,1.0
4.95934201159788,3.090491181250424,1.0
5.781568738861508,5.41664909104143,1.0
5.712916150961919,3.457251668123548,1.0
5.2659644843668785,6.255074355276936,1.0
3.400222140789838,7.03421172460205,1.0
5.1031170042467355,1.5589045072990135,1.0
3.49955647552017,5.098292805656956,1.0
3.7032985589997907,4.100320737460978,1.0
6.083528824151326,6.365996187842313,1.0
6.712374799429711,4.526040214896148,1.0
3.0510846716222018,3.81695573304002,1.0
7.357876538563026,4.183803289421825,1.0
4.214005682421541,0.8504408911518184,1.0
5.990472934605815,4.345178376169992,1.0
4.748116135814592,4.284864431356212,1.0
6.610072610985833,3.236961673290139,1.0
5.084652497600309,6.199512273584368,1.0
4.827531622657176,4.330748859149431,1.0
5.925296266605023,4.153824754996755,1.0
6.443577543885922,2.832316432120538,1.0
4.7726727192284955,3.478093921092185,1.0
7.7468646946407045,2.403702257093453,1.0
6.644826492186956,3.916988528238771,1.0
5.643773499788871,5.116895665317827,1.0
3.2204841673657185,4.202595740658469,1.0
3.920926830073796,3.8668140077556776,1.0
4.095641734233369,3.645372286524162,1.0
3.849324270729608,1.645657363556209,1.0
5.524821185110424,3.2922938430835065,1.0
3.933016355621441,4.286553583208411,1.0
5.555382802002718,1.149923525964447,1.0
5.699802464076193,3.7873711115135733,1.0
5.244857832432301,5.688697701112968,1.0
4.879079667374149,2.5248064192105453,1.0
8.36086794144215,2.2986661133501105,1.0
4.161133658380498,2.966904348509634,1.0
5.065051909838389,2.6356865937901643,1.0
4.558161426190031,5.204213144256253,1.0
5.0087213486258415,4.379868890938236,1.0
5.2011204997197344,5.697868365077655,1.0
4.342027005350805,4.846113629742445,1.0
2.6487413276499674,4.399485006203014,1.0
4.621609182785815,4.7803027639066595,1.0
5.506968339515808,2.8172488987903845,1.0
5.85513501648407,2.9389410814770893,1.0
5.040267890011171,3.225174578314982,1.0
5.87291457361891,1.7337690256793845,1.0
4.8742280482891065,4.954754558091375,1.0
3.442936740769629,2.7086123938572015,1.0
2.5840476131018444,6.393206355459695,1.0
6.152782597827988,2.1298996618275243,1.0
4.687153786502492,4.705833016832639,1.0
6.555688999687699,4.3834567503556245,1.0
6.031798151481367,4.431226300244317,1.0
6.058803168682792,5.809949255926798,1.0
4.325622377734168,3.9082569140467687,1.0
2.299867658327514,4.262738797951233,1.0
7.630228299593801,2.67317423723839,1.0
3.670542567811361,2.0367135512464616,1.0
3.955217626713769,1.5711852417771892,1.0
6.302706557935585,3.9741086117693354,1.0
5.169353931765769,4.229976246942299,1.0
6.968763622503927,1.7481948701259156,1.0
3.5222973300139584,2.9733899858015516,1.0
6.866387433803331,3.8001606943104296,1.0
4.008710719114104,1.9140782076357956,1.0
6.271524025590982,2.0280541413476025,1.0
3.1131505716589762,4.732163020300408,1.0
6.0770329073589435,5.832900671747212,1.0
5.036567781930216,3.1275913905718538,1.0
2.9964073171151786,5.245162201964398,1.0
3.33537730506203,3.999333845529637,1.0
4.046572248555429,2.2474800306027207,1.0
5.825261924364684,3.001538638499243,1.0
4.33447222968605,3.4433431868322746,1.0
3.9809945885567646,5.029045507215111,1.0
3.2733768666492056,2.23151027154604,1.0
5.489666856318965,5.1530168077574094,1.0
5.528988213116806,1.4922446393372115,1.0
5.108925217015459,3.411576403361656,1.0
6.311016274227648,2.2088106225131274,1.0
9.169557796368672,3.2393941649437386,1.0
6.489888652021792,4.751027061851502,1.0
7.262436144519116,5.319160372180129,1.0
4.386778694537479,3.1595019672319067,1.0
7.483506078517195,2.8326003985405634,1.0
5.848693917916853,3.6241881796825135,1.0
5.8068484898518795,3.1886902874207763,1.0
1.040014921722968,7.204286353022255,1.0
7.232315559712724,8.1907825303538,1.0
2.0587227802609678,5.549071515692329,1.0
7.191516329045233,6.347196352436077,1.0
3.006675013160299,3.9768624917773225,1.0
5.470219026867911,2.620096790052247,1.0
5.7626578064364535,3.059033348860383,1.0
3.9223137507307007,5.141632832395317,1.0
5.122374658402182,2.8046072520935645,1.0
3.9232060278986634,2.784476295277676,1.0
3.1418761187095345,3.6758166410086504,1.0
6.144900115654222,4.543057353500638,1.0
5.009758242519554,6.181344607240627,1.0
3.972221757716383,3.5850709758777897,1.0
5.535017944632022,2.006132494174075,1.0
5.143976437065884,5.101960551557866,1.0
3.4646674550927545,3.8064219521904032,1.0
6.193138285951519,4.829060219502395,1.0
2.6688399245649577,5.743350449823174,1.0
4.365034661365565,2.228692374777857,1.0
4.507237857145255,4.21906032941257,1.0
5.424657041100156,3.6304258203313364,1.0
6.043187758387781,5.565508904000873,1.0
5.492311124711244,2.9240964176866386,1.0
3.8335688687242335,5.49615766452826,1.0
6.554352137178011,5.235366261674024,1.0
3.4558631259498376,3.5557711536956083,1.0
4.508071444067601,5.190622313351044,1.0
3.4578673167688647,4.001262368013973,1.0
4.827042885447827,3.8587009694371863,1.0
5.4934417341075426,3.904497075927902,1.0
3.09937910130967,6.700833231751581,1.0
5.756311476762669,4.342451840538672,1.0
4.225223693030227,0.9703054285609345,1.0
3.905439971420253,2.6279856209630488,1.0
4.38576756894814,5.712515393825773,1.0
4.98543090414512,4.102372933444623,1.0
6.714109190467095,4.875166459289812,1.0
7.430444527618138,7.172309193030933,1.0
5.744539090812168,5.781560348867001,1.0
6.039395888694881,3.318181998352496,1.0
5.991883990297,4.728035959277793,1.0
6.031036449738387,4.537074221784028,1.0
7.3518416568578715,5.441870423703275,1.0
3.821531043717207,3.165372472998851,1.0
5.80343028781037,3.921250383779817,1.0
3.9655565072317644,6.090785214711813,1.0
4.325727279863898,3.154661063576334,1.0
4.499478948070113,3.445952821120197,1.0
4.844235600463014,3.1410239822374257,1.0
5.464631937545485,1.739718752838701,1.0
4.971169653592172,3.3083633676688966,1.0
5.475055011313427,6.366130311601548,1.0
6.064646069094764,5.461602705510872,1.0
6.91044428935192,3.3539375914826017,1.0
4.28915905912069,3.4069310597440543,1.0
1.915539033882034,3.6893679037702327,1.0
3.7123229521603696,6.301377065630888,1.0
3.611995672938832,3.913040327542718,1.0
4.539733866878005,2.564958928377311,1.0
4.141292771240523,3.8458385413466094,1.0
3.227762767404367,0.6931196693153647,1.0
5.030816624780454,4.057334364556807,1.0
5.250016898430285,4.30381883667446,1.0
4.20170292186475,3.5451788548378143,1.0
4.153177655667795,3.7110936385800057,1.0
6.222858694617863,5.358678864165949,1.0
5.10667183626057,2.0859472739013905,1.0
4.363138507164021,3.368501767459299,1.0
5.270475089097875,5.1472701155449965,1.0
6.776091788434989,2.3360775819459683,1.0
6.8229044456285735,3.5991302624445622,1.0
6.754221347880675,5.728323268534524,1.0
4.452929551946321,3.961011502918271,1.0
7.652115794996055,1.534365973865572,1.0
5.283640138406921,1.0597964554233825,1.0
3.7561870245636992,3.3325859003556553,1.0
5.213951981670945,3.8983314380364233,1.0
5.033933778773902,4.015670725237661,1.0
3.9657076214256284,2.3345368011128143,1.0
6.667163823091577,2.8905084544703072,1.0
6.249357587921691,4.475673032684616,1.0
3.463997608928781,3.8725572731443343,1.0
4.086728434556751,4.674460205699925,1.0
2.5460213318182205,6.205877126624378,1.0
5.267281506180067,5.963075311882717,1.0
5.351710080581316,6.0071260012683485,1.0
4.387733785007047,3.773963718779962,1.0
5.749967735638709,4.190454756020572,1.0
5.589107984243585,5.81581678358503,1.0
4.855672059300509,4.411302556848364,1.0
4.484014221196667,3.8502990422068977,1.0
5.540925690703325,4.172570808116124,1.0
5.520671846071869,0.2528462267232512,1.0
7.964150510557067,3.235574593373058,1.0
4.845894934853618,1.853697221349214,1.0
7.575856393557609,5.737534829412283,1.0
6.815245214387293,2.410859151482506,1.0
6.001332067758151,5.483125566072325,1.0
6.221062485955374,6.816045251226035,1.0
6.787568923946274,2.941372141708824,1.0
6.288422097841306,4.705645514718343,1.0
6.092453473418748,2.1554638465449956,1.0
4.3389990129793725,3.4008519641607835,1.0
6.126182246245894,7.864209834025117,1.0
3.364486128673337,5.417665084296836,1.0
6.934474134448855,5.301296910014569,1.0
4.74602746103773,5.574543534511344,1.0
5.530075713189943,5.3392793958194105,1.0
3.9493985522442765,3.9825065382210543,1.0
4.016455486631755,2.733994215549524,1.0
2.9549254230620976,5.854277531841731,1.0
5.558235247861646,2.41370616654385,1.0
5.69244054443276,0.13013121710386377,1.0
5.510852218039446,5.086783050472043,1.0
6.971544187839352,5.282644718689508,1.0
3.919646152487739,2.482489479382803,1.0
7.333045021237089,6.117519548019214,1.0
7.5054150717896,3.5680936896711533,1.0
6.249344359476794,4.043581799019283,1.0
2.8233627182427723,4.034491555634412,1.0
4.229334079206384,3.4882758993495777,1.0
7.566268445142536,5.569476448257236,1.0
4.753333716417388,5.222119753304963,1.0
9.283053683832375,2.5859259798445087,1.0
7.470985370701902,5.789836556276981,1.0
1.2541147968460686,3.0030466654357895,1.0
7.142149859522178,1.9451189902903008,1.0
8.005653539703708,3.0292052351885803,1.0
4.5878492824441395,3.627803818725486,1.0
4.890803546351445,2.7608850845855333,1.0
5.844859141101137,4.995814160010844,1.0
4.042026945949461,2.480524683183365,1.0
5.294106248668174,3.625417735955008,1.0
4.565667481482605,2.8584459748606577,1.0
5.037472841740703,2.1294525841523004,1.0
5.427463146145271,1.0782387227337664,1.0
5.988959862862207,6.761567958774265,1.0
5.883630520020268,5.440200059209715,1.0
7.235134162933331,4.0531105242069385,1.0
7.0688275181583,3.3248144372824355,1.0
7.244588900748139,4.518842856711056,1.0
3.4549444298959022,4.736325293773927,1.0
4.4347002540557305,5.063994021675523,1.0
6.377346611548145,2.4381128774459944,1.0
5.9323868877478505,2.742415382944187,1.0
3.943418991570244,8.053094551075151,1.0
4.694196275046957,5.337852325594135,1.0
6.3866762943238005,4.987074996597619,1.0
3.9581795870503687,2.5885171823137303,1.0
6.717006786351865,2.109502489052395,1.0
5.946873819705174,1.6231779244246916,1.0
6.697584713750983,5.584634252674969,1.0
3.9926998780058396,1.678333610781149,1.0
5.427438608535155,-0.1357874424079899,1.0
7.397305170804797,2.1816301352205363,1.0
5.1730377631332916,3.0255583456413895,1.0
4.447772047951225,3.3047624240987843,1.0
4.094677320574779,1.5340366710806776,1.0
4.214002215047768,5.6440117844141104,1.0
2.311968442626705,4.477543375113539,1.0
7.622042693168993,3.4119192156626137,1.0
4.530846577917566,4.527987811515715,1.0
4.984223325922787,6.830870956898708,1.0
4.32756014211561,5.295723022700482,1.0
5.07828997069718,2.8552230806944907,1.0
5.194047054589947,4.566306843820823,1.0
3.021939141692367,5.667060091856326,1.0
4.1567700197756166,4.3579613308478145,1.0
0.6589949459839568,4.351832097187825,1.0
5.331859447462097,1.6869695550155628,1.0
6.305176430584832,2.7544466773289384,1.0
8.067920326899062,5.493837399029886,1.0
5.103753078465662,3.2009070103074433,1.0
4.327981382820757,2.5995164747373067,1.0
6.324820303810752,3.9134267440796453,1.0
6.200349893531457,4.266634076093466,1.0
4.616427549033091,1.8634116076565093,1.0
5.480913640029273,3.3431006299536175,1.0
4.86742666085679,3.6931036306762506,1.0
3.191668403485784,3.6670933972672923,1.0
1.1871305020348162,4.769275056352698,1.0
6.109759307263844,4.938751117863112,1.0
7.198803921808215,3.44079649983201,1.0
7.696538301560052,3.3300738126526217,1.0
5.4813525223371045,3.085884174787158,1.0
3.718159691318382,5.085238065562861,1.0
4.279993837630217,4.5839947449595995,1.0
4.938883255403493,3.167392250985968,1.0
6.977789557909161,3.778353779536491,1.0
5.55102091285965,4.352765402821215,1.0
4.863606056378866,3.2748746348516065,1.0
5.513248322531101,4.991293245835274,1.0
4.310642849865723,1.8109914327215906,1.0
4.933512950539427,4.227099642979645,1.0
4.969328152588587,4.156721064431908,1.0
6.829291432432564,2.5258187831938392,1.0
6.975892486230785,0.8729136089646405,1.0
4.784778246733771,4.350144962473321,1.0
5.687587246040792,6.343304741978271,1.0
7.933093252228934,3.3779479004449704,1.0
3.9711150344682036,3.7717080790967303,1.0
5.731980215517821,4.870145224655214,1.0
4.699051340366747,6.0589252134379805,1.0
3.809668167393034,4.065523817695133,1.0
4.092802579655436,2.209612970425808,1.0
3.6376539567199084,2.0184616608225596,1.0
2.9141673916359063,6.185068816447869,1.0
3.370209039762732,4.785474643878122,1.0
7.256258305036628,3.9669825570529786,1.0
2.5732311893556075,4.897693060942227,1.0
2.585729769216482,3.9293401241240846,1.0
4.235392356765244,6.746710781333887,1.0
5.3471038789417475,2.4358868750204294,1.0
5.8783667526261905,2.7906197238132577,1.0
4.116024775212679,4.886389354335894,1.0
7.838280489984337,2.88500717907299,1.0
4.426472365602439,1.0865600758237282,1.0
2.82924006667675,5.155012108526556,1.0
4.722338441505489,3.8857008192542084,1.0
5.080017716056538,6.995363572039912,1.0
5.387988010935842,2.9181341174159092,1.0
5.021009584040772,4.7736379689964235,1.0
5.784200440309051,1.8632822178580573,1.0
8.964018200054642,2.1964559789978644,1.0
7.679491379659282,4.957782978434682,1.0
5.042238393987013,3.391342526018403,1.0
4.421736969216296,1.4975344453110253,1.0
5.3596792734479175,4.025978942821796,1.0
3.852792207304285,2.418681462233484,1.0
4.078246243378305,3.8459475950722886,1.0
5.529090311358284,4.817990320522206,1.0
5.0572048299625125,3.789890107279899,1.0
4.712279951231885,2.1864927486230887,1.0
6.346191051349982,3.704251246577231,1.0
7.797668273387053,6.796424823609109,1.0
5.700625279094982,2.849079767203856,1.0
5.908690607424473,3.081972990632566,1.0
7.805141847386251,2.94666322410019,1.0
4.399822960580637,4.546588863127473,1.0
4.814276948582831,6.592154072705334,1.0
5.572779006638878,5.6328701633589615,1.0
6.178241921635144,3.5295279821408374,1.0
3.9643091137945072,5.46169491896728,1.0
6.505857574941103,4.491126085382543,1.0
9.395770497248503,3.6312012929230777,1.0
2.8110441596173703,6.712738953318745,1.0
4.3092047116960535,4.7548655055265785,1.0
5.04401488555467,1.04784590328341,1.0
4.906392116601926,3.7863952918850194,1.0
4.9780593265619375,3.8338500934546196,1.0
5.605598181665594,2.170778290962402,1.0
3.4080683512455163,2.4053491390439223,1.0
4.672440971718293,4.41124465005752,1.0
7.283391491549819,3.028095477905884,1.0
3.8298964289911623,4.060733801883651,1.0
5.169184154048638,4.486727946430885,1.0
6.166129181895711,0.6079081609089156,1.0
1.975143066172405,3.0001556837939836,1.0
2.6972056041429227,3.3090423354052896,1.0
6.611330863780736,4.831044544948855,1.0
4.373015638680172,3.512697486682332,1.0
4.028818883748543,4.955365788465301,1.0
4.747595599205312,4.285049132434846,1.0
4.160245424481314,5.213778172778186,1.0
6.864300574411325,4.385437666277774,1.0
3.891434265545638,6.216651956213994,1.0
3.8366259349751752,3.5571765217646565,1.0
4.517506521075066,5.95987023585118,1.0
8.114264556736337,3.93897502468998,1.0
2.8363357306397425,4.071075398814267,1.0
6.240075907597278,5.4412546946009135,1.0
3.7145399814174236,4.582230760948671,1.0
4.577334271170908,4.559347532208876,1.0
7.1134117662470775,3.4971541217675113,1.0
7.709529315477269,2.470929090081417,1.0
6.042550797060413,5.476475390740305,1.0
2.1437970109690894,3.1956064572739313,1.0
4.371058402101852,4.165863644190778,1.0
2.4340475791233,3.3748019471552615,1.0
4.740330112845431,5.931047805230185,1.0
3.6785590670517463,4.397098178944734,1.0
5.061405541168347,5.037807660585651,1.0
0.3825930042122998,6.708242483980072,1.0
5.467037336637943,4.78508397354744,1.0
6.270813182773471,1.6370748422167467,1.0
5.597568592905462,3.758254041286349,1.0
5.79708897665274,2.07949331768003,1.0
5.676676677999866,4.747563538609025,1.0
3.500516927124833,6.197232369873271,1.0
6.117466568048647,2.4284945880691673,1.0
5.666820548123637,5.535240910448811,1.0
4.941896535772175,6.08066387392012,1.0
7.196451748741097,4.184507773955523,1.0
4.927152255995808,4.573924697996757,1.0
5.037148494452743,6.009263864491114,1.0
3.89183113375061,4.293186862249377,1.0
6.2026373804461326,3.7567219537641825,1.0
6.683787302988142,3.435047433484079,1.0
3.986558673583925,6.283981918378496,1.0
4.5503813440324015,6.3172780942726146,1.0
7.984692894003916,5.373221682022054,1.0
4.094399342402583,2.45505897347525,1.0
7.478225813610158,2.3971781576178968,1.0
4.4283290349978515,2.969629322314835,1.0
5.80236243024271,4.564009080787501,1.0
5.0131423987041055,1.9059499356525165,1.0
3.8808120408198867,2.368522580268589,1.0
4.397901271651067,2.9788853009567084,1.0
6.043921956117384,4.581287286757546,1.0
3.1621275791217167,6.042214794547171,1.0
4.512667690352837,3.2123699883960724,1.0
3.5592720466832573,3.377977279474176,1.0
4.641075836929272,4.561396547720093,1.0
2.7718028965076003,3.9582587134381617,1.0
6.360697948839421,3.5714070413904113,1.0
5.867077464403795,3.051913009510658,1.0
7.368987741051962,5.568746150727165,1.0
4.078143696767915,4.033278331600217,1.0
5.461569995830592,2.534964890904015,1.0
7.484463949354674,3.922068758192917,1.0
3.2750741748074406,4.599102874432647,1.0
4.5835006440132,2.2340549808914925,1.0
6.384848511545635,6.076636972273826,1.0
3.667449067049365,0.6388339744217166,1.0
5.790018819026788,4.850528010654327,1.0
6.807984964305319,3.0687044974916398,1.0
5.000021817704094,7.6437265181611895,1.0
2.9141530760134757,4.28350056007744,1.0
6.010115639101948,4.848026943121455,1.0
8.045319321887582,4.466171474764987,1.0
5.686992584848209,1.8841796130220807,1.0
5.999897480824585,3.071525263296443,1.0
5.675965706740792,4.756946437208158,1.0
3.7786420499769666,5.767033926028652,1.0
5.597408912058896,3.478254629859641,1.0
4.425539548605532,0.5745768247795358,1.0
4.748663924796976,1.958073981235207,1.0
3.3729675479151218,0.9395591773451586,1.0
4.957256389172954,3.543785626715076,1.0
2.9176047096402735,3.418935681348668,1.0
7.616831172503148,5.915938122301501,1.0
5.669716979721361,5.3850683890120425,1.0
4.689589250033242,2.2379589412790475,1.0
7.122492029740892,2.6263523675164286,1.0
5.273850599578016,4.328670298462092,1.0
2.968353878993719,2.9047381988103043,1.0
7.663149695338582,3.8117923622937635,1.0
5.49091167685706,7.74445749712492,1.0
3.8038382454478787,5.952029884095347,2.0
8.47276694586364,7.340097152511529,2.0
6.46194946155622,6.785096265803155,2.0
5.501328074550615,6.672900362154206,2.0
5.562704394942433,5.454595520609645,2.0
6.4221091501047844,4.8936974710152255,2.0
5.60845239186877,6.230402621067734,2.0
5.177637435266968,6.365222313142838,2.0
5.682236582560506,5.803241820748496,2.0
6.92029723759075,6.050684365154387,2.0
6.394106700150001,3.3882552898491447,2.0
6.493631425952557,5.368635002336126,2.0
5.0809713413089845,6.012687015330271,2.0
5.80420298430413,5.14639350849049,2.0
5.435072485526197,6.661216934075786,2.0
8.132634502819878,3.9656120650603826,2.0
8.235269200254379,7.452880629578788,2.0
7.116296037699711,5.044561306167588,2.0
7.031851764872991,4.49432177056966,2.0
7.862974696027418,7.247447317288557,2.0
7.032568942046357,5.922342984277926,2.0
7.07841032697318,6.188082531862486,2.0
5.575266105565577,5.864173514680078,2.0
6.614754194287027,6.1350581136049644,2.0
5.813047805490229,4.928100776157833,2.0
5.795733415275835,6.341695686474846,2.0
7.832790470932768,6.271347811650888,2.0
4.941759893206835,6.2607023319193,2.0
5.71514814004825,5.178705787376977,2.0
5.009519637542071,5.285853767462207,2.0
6.300198010780855,5.661166408536254,2.0
6.089302507862843,5.519461312101542,2.0
5.170889209784124,5.827513542284871,2.0
6.23205015028593,7.235395690404091,2.0
5.394293286538375,6.533757060587508,2.0
6.9522186708211136,7.045070203320773,2.0
4.2197147976811475,5.570019732747999,2.0
7.353670044636188,7.656586545097484,2.0
6.807873080370708,5.357307683804045,2.0
6.266953806673229,7.443471316843404,2.0
4.552777455164626,6.7317732477032015,2.0
7.337894096405929,4.426616883879504,2.0
6.359673437662097,5.932194729861468,2.0
6.264649347741303,6.468975993487712,2.0
7.276635865353155,6.8281317842088445,2.0
5.846584947287388,7.438681251395721,2.0
6.613659199740635,5.2900293933129054,2.0
4.619570019304116,6.000043866444827,2.0
6.976423420941781,5.1184711657577475,2.0
5.858535158941984,6.582329670624425,2.0
5.589170632289316,6.210120416900367,2.0
5.643211060111803,6.382300520585989,2.0
5.203560119176663,5.814778770066333,2.0
6.071061847739426,5.294603157115368,2.0
4.88697402314552,7.209927955279689,2.0
5.262397146856269,6.158225477161663,2.0
6.503585839303747,5.231071134570354,2.0
7.849229839022149,6.693295048140491,2.0
5.423919754048222,7.48577382820819,2.0
4.407108273195627,6.290810916538377,2.0
5.12252434273533,6.529475831638891,2.0
6.087276657502506,5.574964765811965,2.0
5.784848142957699,6.448031086989924,2.0
4.698379632868379,5.819515218092574,2.0
5.556783366444036,4.57945816986272,2.0
5.076080442050334,6.674838615194445,2.0
7.505422069746071,5.787076035353625,2.0
5.654994168288433,5.418460594596966,2.0
7.694673056662264,7.751915167815576,2.0
8.419802560939173,4.77852976448962,2.0
4.501116183467544,4.1321321455933155,2.0
6.197780317411724,7.620191677439006,2.0
6.335966691150054,5.45047619184874,2.0
6.750389722496953,6.672544802431739,2.0
5.387011364891299,7.257273823703906,2.0
5.379991380001781,4.895067634837229,2.0
6.336998468124943,6.143349053410679,2.0
5.211367696438779,6.391488322370457,2.0
8.007873671529984,5.368955395370744,2.0
5.494075380268104,4.988728369040291,2.0
6.177170453392046,4.999499048565922,2.0
5.902103355802159,8.218308111519427,2.0
4.48444714859491,7.129536200997109,2.0
3.545607955835492,7.196773235128074,2.0
5.250274327429332,5.263222534334492,2.0
7.00404330923761,7.374098082328265,2.0
5.716652998366802,6.096992625816226,2.0
6.615754612358034,5.399484456859154,2.0
6.678956947091674,6.527866125503577,2.0
6.446098589799565,5.98863787595731,2.0
4.986269045964605,5.761413299428104,2.0
5.26840724686219,4.409788293219469,2.0
5.7843157800813305,7.12805077238914,2.0
4.033183309067786,7.788204623381034,2.0
5.256368981880197,5.990690323031994,2.0
7.029792135285025,5.323722753736131,2.0
5.934545184198185,5.4549565997922125,2.0
7.4283627472462825,5.88728139235628,2.0
6.857203325903313,5.968991864702166,2.0
5.69480057985824,6.578117304342342,2.0
3.922702678887976,5.3330259738724095,2.0
5.9378509747706785,6.717677014644714,2.0
7.264962531008859,5.222996731769556,2.0
5.393225692608151,4.870935765664233,2.0
5.816997660321341,6.785520699568233,2.0
6.111929757159783,6.881421216393438,2.0
5.94538773761909,7.2041467309006135,2.0
5.602481007050634,7.015878742379035,2.0
6.276378389569055,6.2336793978978555,2.0
6.599005338005517,5.5421531838530855,2.0
6.191852220566085,6.693287163126842,2.0
7.840851869883918,6.266561554256072,2.0
5.827842298696679,6.247294263207735,2.0
6.869665839095851,6.423197245158513,2.0
6.1285411361351985,6.328274154419213,2.0
4.181881589740616,4.881620936981897,2.0
6.153039376321751,3.0719808774743877,2.0
4.683496259781394,6.67153721639526,2.0
6.432444004520458,5.6609077868665745,2.0
5.137101652403055,6.13780005774263,2.0
6.77662899327739,5.953332829568081,2.0
5.392273953827936,6.526558538437348,2.0
4.3850035854822025,5.488032398370098,2.0
6.288212575277871,5.099956589802472,2.0
6.374708105792141,6.01371351120147,2.0
6.179143558785089,6.2779739631491145,2.0
6.583198687279994,6.356954623737241,2.0
7.204215231355442,6.724571555396181,2.0
5.041578494587407,5.955068340338722,2.0
7.562424533240941,5.831367958104095,2.0
6.786260625915787,5.547078208121047,2.0
7.359372617096019,5.752252341311017,2.0
8.123920195879842,4.928660974742298,2.0
7.139377200484127,4.803381329723953,2.0
7.4004380047301535,5.9828460413984725,2.0
6.250578027073437,5.610367481097863,2.0
6.364713155640332,4.24583436260753,2.0
7.458997443414433,5.570974225128034,2.0
5.520073820955282,7.117377309816353,2.0
7.3665302217854265,5.460712951990099,2.0
6.68805649861352,5.7270917904785605,2.0
4.977130936206224,4.81939403309963,2.0
6.368222153836941,4.706226977601207,2.0
7.431325189262362,6.273167728728805,2.0
8.717057617518446,8.03758788351837,2.0
5.9492990644760795,7.296071994553919,2.0
4.653055638452451,3.6784483434505737,2.0
6.551668446588347,7.060606073075219,2.0
6.934688242608858,7.17345044821924,2.0
5.720728746570513,5.309263472910808,2.0
6.507470606742154,5.283774077155465,2.0
5.717204637883105,7.617073043793434,2.0
6.758577572358903,7.977670722012066,2.0
5.885641978474732,6.890412788957659,2.0
7.49263837732184,5.185548112527197,2.0
5.783126878341414,6.369085218285557,2.0
6.414711425069141,6.314695531012439,2.0
6.254287476658214,4.307360182271671,2.0
5.293235395706665,5.362933949239743,2.0
4.819422868573481,5.120439353436955,2.0
6.761777503321888,5.9631931142137535,2.0
8.334646693843748,6.974214830553653,2.0
5.762010928134831,4.974533407158964,2.0
5.2994838088601846,5.969231215295828,2.0
7.624760075852549,7.520851445366977,2.0
7.351728769261803,4.400449245889077,2.0
6.032417784073686,6.287122367018486,2.0
7.140528355788991,5.816850687654615,2.0
5.705684145861383,6.5803664139205695,2.0
7.35003121752428,5.9508357724030585,2.0
7.269089062967895,5.459786640708101,2.0
4.016186434078834,6.311658823163079,2.0
5.531621769368775,4.811599197797459,2.0
6.120397682778421,4.744123239155945,2.0
6.212167543070404,5.826742817650582,2.0
5.182040739467373,5.9858244328473225,2.0
5.6090597313258765,6.071362576774603,2.0
4.896325742713907,6.332200005458618,2.0
4.808634251817711,5.726174470652038,2.0
5.0651813685132305,7.936772331072211,2.0
5.784088968946881,5.956126580676146,2.0
5.741173060032907,7.17685085172403,2.0
5.092997563393274,6.672303786710342,2.0
6.172538569834849,4.70201341836502,2.0
4.8883392239456755,6.24378499620524,2.0
4.650657341533546,4.583870867951902,2.0
5.319004168226161,6.987864860245658,2.0
4.80261042377661,7.004097692890943,2.0
7.738496852832172,4.33301224775869,2.0
4.835000111352355,5.913907636187407,2.0
5.387169489072138,4.49711823448304,2.0
6.206640830639864,6.832047543069321,2.0
5.03351913696304,5.779227300866291,2.0
5.15210871247316,5.970669994596009,2.0
7.33885927357801,6.059819880167512,2.0
3.505354785340839,5.257049995616818,2.0
7.430446151736224,6.342112719782142,2.0
7.47320201024635,5.087465627856142,2.0
4.412101187711341,7.1229705204611875,2.0
6.287115213618317,5.928648643058885,2.0
6.247136520258032,7.586347812404766,2.0
6.945307842550922,5.450802414688709,2.0
7.377972488101672,5.450083391480474,2.0
3.3539255442021423,4.970683451177797,2.0
6.022760461116995,4.4695980218681735,2.0
7.011357137782353,6.485141345477688,2.0
6.565124890749459,5.3450385186333795,2.0
5.004501259110219,4.149904039194269,2.0
4.362864833614589,6.777156728612636,2.0
7.325067335980708,6.861976316511822,2.0
7.167291003973015,5.702386794612867,2.0
3.8090668348517323,5.650051493344216,2.0
6.824648824151321,7.591344129001421,2.0
6.965471623206266,4.247244100508048,2.0
6.48257067511731,4.471627127277414,2.0
7.259208248095643,6.465712785561145,2.0
5.482960829808045,7.516642679558169,2.0
7.289678643015327,6.200375808853601,2.0
4.738225191565148,7.9014604791296525,2.0
5.5864803679451045,7.455341588902343,2.0
5.825643981617038,5.9875512351627735,2.0
5.878178275849287,6.130035374801985,2.0
6.386032063175565,6.657675914036948,2.0
7.036125952444791,4.2968971946435826,2.0
6.915533085921813,6.4141780030682405,2.0
7.0599650739296855,8.187516755188916,2.0
4.2467674222558855,7.117784347057028,2.0
6.483639029294855,5.867443856342552,2.0
5.632793872469314,7.06213199837174,2.0
6.308279111954203,5.156083224253452,2.0
6.926745683076384,6.363955008588304,2.0
4.267546288409509,6.442741386652808,2.0
6.1643400391793515,6.365297776595921,2.0
5.317319760481098,6.170037767014928,2.0
5.4635251244109515,7.366983585830527,2.0
5.407287654629591,5.924542691763684,2.0
6.446012908832016,4.871293692952838,2.0
7.036242442413856,6.684052130446182,2.0
5.390065566545758,4.174896658623742,2.0
5.996069223456769,5.431251995060513,2.0
7.126508612469307,5.95050489571913,2.0
6.60093578617107,7.4024272985520145,2.0
6.702152509558209,6.331577706197939,2.0
6.0715417505979765,5.221936524134315,2.0
5.884935892801629,5.666318891694238,2.0
4.113300225826439,5.750629548746933,2.0
6.859338064763647,8.061843955475897,2.0
6.589338028950176,5.4886526861989,2.0
4.31568148635033,6.554981573575089,2.0
7.546220000085337,6.270016683952696,2.0
6.326570623073195,4.328130468785773,2.0
7.249652029713262,5.286866461629452,2.0
7.600150402501461,7.170682618319058,2.0
7.658677930703766,6.09243785963884,2.0
6.194792494139139,5.794673070455883,2.0
3.2192099015497444,6.717131019497283,2.0
6.06116837662267,5.807177783543355,2.0
7.378740282010565,4.847328355661844,2.0
6.575493631573909,5.85601603552546,2.0
6.287198889248419,6.024801732140664,2.0
5.524108537063221,6.395571101316026,2.0
4.331467788848074,3.9591788218920465,2.0
5.7145526816517345,5.7325924983482315,2.0
6.508329439263092,6.288560779121529,2.0
5.392124600052894,4.955380592090092,2.0
5.962643393277265,5.197391844047072,2.0
5.567495872733194,6.317746852551496,2.0
6.722097666587741,7.868671554022203,2.0
5.624353642420071,5.046547549747679,2.0
5.397902481426945,6.0961391807004475,2.0
4.976760971504211,5.77148778084952,2.0
7.488066041452709,6.97738841876858,2.0
7.130364111477517,4.800269336642161,2.0
5.7247954670076755,5.934806206141736,2.0
7.038082087589906,6.070070924506322,2.0
5.478189574428423,4.979681711775212,2.0
5.176479281365621,7.51399224753079,2.0
8.451176278789625,6.125469153058465,2.0
5.829188574215529,5.336962075679297,2.0
4.812444342835151,7.365794987061694,2.0
7.425922186857859,8.327741184874736,2.0
6.217213900597521,6.583418012457152,2.0
5.285086001570976,5.1924239975255855,2.0
7.752627698643361,5.478934850992235,2.0
6.836929088133851,4.766774558616254,2.0
5.918203090265156,5.761721033698743,2.0
5.960187736861385,5.909000920046943,2.0
8.01763883646182,6.307659594883831,2.0
7.047695404573673,6.955277684682699,2.0
4.075323569368223,5.882979355370978,2.0
6.226030922350222,6.30362131110719,2.0
4.845494637486038,5.264026957325325,2.0
5.966228526095911,5.439382698359707,2.0
6.842418984219149,6.165301046652514,2.0
6.134128389636165,6.6655348498416584,2.0
6.539733713831564,7.320457241741007,2.0
6.3916459948487345,5.236366302152914,2.0
5.307938355241658,7.898817409978377,2.0
5.0937316411268405,6.14390813354234,2.0
5.600181768408166,6.506208941268554,2.0
5.635744349590302,5.776210096705878,2.0
5.566781268093987,6.8307357123653825,2.0
7.024658608124859,6.525851179904767,2.0
6.831735126218008,6.207066379252979,2.0
5.949897775498977,6.371594865760564,2.0
6.162560733864375,7.131352415155909,2.0
5.63191581272219,6.335999034169185,2.0
6.380387021085652,4.859597419324344,2.0
4.025770158109792,7.38037653595945,2.0
8.830645669906822,6.9797997765452795,2.0
6.9759226853039875,7.8894007764141865,2.0
5.36032462464746,6.048804518343039,2.0
6.97724934944714,4.140581792313533,2.0
5.232317223265791,6.415516722426747,2.0
6.295812790877847,5.984044893572298,2.0
7.363322694370318,3.293921245479776,2.0
5.7738758053951855,6.212817866883569,2.0
6.3143936352125305,6.2248075422963725,2.0
3.6946159816660336,6.939327371358566,2.0
5.171600382816077,5.148472907560369,2.0
6.403233407962582,7.3453751646513465,2.0
5.785153808132251,5.089813769478241,2.0
4.671777159701802,5.712564662357889,2.0
7.158665777796811,7.2927252376113065,2.0
6.519514809494447,6.806621890832559,2.0
6.742748178880342,3.435987517505613,2.0
8.039384416335055,6.252934892935975,2.0
6.39355382345529,6.480995144511124,2.0
6.180426412057432,5.657701105601426,2.0
6.567066460767093,4.926279985716946,2.0
5.807111369195714,5.510772026642002,2.0
5.940512859611198,4.8001534281322185,2.0
5.937233925750027,5.239426853862229,2.0
6.326153735023555,7.039003683642784,2.0
6.4928235684114695,7.050073106589577,2.0
6.9483162673063,7.979586224910961,2.0
7.320204035177604,5.839674082686704,2.0
6.630640731858713,7.6599067788283675,2.0
5.181337831538059,4.959088304920075,2.0
6.611580645288513,4.935225774451899,2.0
6.467929178075092,5.5473760089621,2.0
5.49243154607041,4.684403193328043,2.0
5.329340359119423,5.6860035598847,2.0
6.643357033492352,6.173084829884521,2.0
4.942243787298846,5.3536493390060675,2.0
4.777595855278559,5.965355392699095,2.0
5.270537926157317,6.838254113532096,2.0
6.425926223112039,6.613159919836086,2.0
3.2012246745576753,6.059647461165718,2.0
6.970607497760051,6.680773781853494,2.0
5.7751414916449075,5.570533352068934,2.0
8.508820981189677,5.040303148238752,2.0
4.892059295829416,5.402094555723353,2.0
6.244393343712002,6.310186603985221,2.0
7.791845815420778,6.59154813849667,2.0
6.6162382981049,5.815490690669825,2.0
8.091739936527663,6.620629931855988,2.0
5.473477098870806,5.5831169554220645,2.0
6.863264081080413,7.319026055189266,2.0
5.536587718920812,6.158237336415642,2.0
5.79641094598787,6.237939180001254,2.0
6.394621637229021,4.367992465689348,2.0
5.820569082238981,6.277688219657195,2.0
7.723745310954715,5.565282536534431,2.0
7.095422417954097,7.028142293378966,2.0
8.168547154392177,5.878704430773209,2.0
5.277233373050172,5.895791815718218,2.0
8.27657105054047,5.466591872738768,2.0
6.395502976310376,5.1220515204319295,2.0
3.6621322528059475,7.256499372839209,2.0
6.463953402584025,4.874421637403739,2.0
8.322959467719206,5.891377519185993,2.0
6.028655219142065,8.460908854749173,2.0
7.0871251742711205,6.595628363629953,2.0
8.215103837140429,4.972365414208621,2.0
5.1906711115914925,5.021508279851352,2.0
6.789683939202952,6.984146420424008,2.0
5.226864699384509,6.501967230214556,2.0
7.342362022136749,5.560503088821678,2.0
5.767652994128148,5.272948724871601,2.0
5.822191183731476,6.523934618538689,2.0
5.828884788619075,6.772440196717879,2.0
6.272515770818842,7.693437293607961,2.0
7.429826327331537,5.4570362770922385,2.0
6.173031065965456,4.582653300446493,2.0
4.236865116309912,5.409754073980416,2.0
6.341118603485001,6.7306088879637755,2.0
5.605617170395265,6.365233546218485,2.0
6.127084466610105,6.624647909451018,2.0
5.597814368737776,7.110968219730424,2.0
6.429233596031354,6.308125062400082,2.0
5.595159777861862,4.836032242941699,2.0
4.1523387968409455,8.298496178111613,2.0
6.078958709607897,6.214471262708231,2.0
6.641352230864683,6.438568525478349,2.0
5.626850453368107,4.501874149127498,2.0
3.2270188703056295,7.130267834747098,2.0
6.011231728023474,6.746030752939532,2.0
6.3367002841378515,4.66449518936781,2.0
6.5175216696637985,4.69172718912303,2.0
4.479454059392919,6.328044293487434,2.0
4.75529075491101,7.458867504902129,2.0
7.680397484800458,6.5807251501204584,2.0
6.268693808553868,8.733977072809658,2.0
4.43185332632745,5.246817807077655,2.0
6.821473272686766,7.8373105844685655,2.0
6.386176985906089,3.010227315383048,2.0
6.065170530738215,4.82436311359766,2.0
6.397837621724064,6.3632149660675825,2.0
6.653947593236721,5.988507509474933,2.0
5.814563036409289,5.9184733757650205,2.0
8.158361050807214,6.142650027334356,2.0
6.008014633433816,4.685365668443956,2.0
6.475463577646727,5.489914024388591,2.0
5.532773782270727,6.054065557352876,2.0
6.170191741929031,6.2900982175144655,2.0
5.7629553716788875,5.679096347996879,2.0
6.608362420346436,5.341929324111566,2.0
5.360647368108655,7.489210931560052,2.0
5.288081077716575,5.20395638310923,2.0
4.59692141903774,7.068437220489008,2.0
5.955555982067711,4.473315748859546,2.0
5.662951508742005,5.980887159902527,2.0
5.943981696814858,6.768804604284808,2.0
7.732628992888101,6.751183952747354,2.0
6.290654823686912,5.6181214520434954,2.0
6.1872291403179736,3.680325173688778,2.0
7.320273172581167,5.816576077581293,2.0
6.479158148625841,4.806527392807235,2.0
6.364636224277365,5.593470405941417,2.0
3.9817513618175786,6.510673509816906,2.0
6.863484930245585,4.816314006806102,2.0
6.168594105256344,6.889557146581784,2.0
6.318817196227871,6.314455908576975,2.0
6.556196765931459,6.268099741516383,2.0
8.285230813866633,6.550951504737416,2.0
7.967626170972108,5.9139298797881095,2.0
7.163066001973686,5.946575842273368,2.0
5.531736815185682,8.211046145503968,2.0
6.384589971223827,4.622727645967701,2.0
7.607215924978845,5.600461149626256,2.0
6.07383336686078,4.412034616323233,2.0
6.365107132969862,7.714756321289389,2.0
5.198480378672139,7.9123708792027525,2.0
7.972559684628964,5.979417490116995,2.0
8.229997569576078,4.523983735733882,2.0
6.522589077721634,6.042515344753754,2.0
3.8594040948604285,7.524594837853629,2.0
6.076225438337009,6.101248157405551,2.0
6.498580317609191,5.584714653846232,2.0
6.54824065708827,4.39041464477932,2.0
4.935671746555382,5.456248759675036,2.0
5.376025191973365,5.064659455372121,2.0
5.265356902548795,5.040341224266828,2.0
5.615776665233948,3.98279048935096,2.0
8.664089625384097,4.718040038008306,2.0
8.169698666386878,6.266923973352558,2.0
6.906019407485505,4.872025762537696,2.0
6.440265878482131,6.865310118755135,2.0
5.140515196826794,5.849635733910226,2.0
5.900598995663746,6.220620871144121,2.0
7.406634038399785,6.93202521102077,2.0
7.5569363373207405,4.956830229586821,2.0
6.513994847578293,6.791967890488874,2.0
6.235270436439682,4.4000380377618065,2.0
5.083972150959344,5.716728479366396,2.0
6.470173020854484,5.609408605621403,2.0
4.759494212710124,5.5609178488507895,2.0
4.2640811363273565,5.555145740692347,2.0
5.569764546852353,6.380495157856357,2.0
3.9245890874656935,4.68180286429744,2.0
4.651117375990879,7.607488031093233,2.0
6.903800660179403,5.248072482740136,2.0
5.894759860791158,5.943517924659504,2.0
6.044410898516388,6.863617863697975,2.0
6.798837572060614,4.693403239706941,2.0
8.481670633382901,4.544165851044811,2.0
6.907180552418897,6.278610675612747,2.0
5.261140707380503,4.871864743491028,2.0
4.424979798845307,4.1948694614298265,2.0
5.229840735637884,5.151680185411216,2.0
5.968752416944544,7.567827940426481,2.0
6.445130529373002,6.525461923977239,2.0
5.356358852423591,5.308082875765649,2.0
7.66848217783913,6.268508159153906,2.0
6.026826110078441,4.471216521872224,2.0
4.603761143297539,6.394710620791967,2.0
5.640155704801124,7.673965279301763,2.0
7.636433459571267,5.938567557898684,2.0
5.519413611472132,6.162227119473101,2.0
5.3564154328188,5.480522384420478,2.0
5.854656137509095,5.5246747171377235,2.0
6.055257746755994,6.040562571401904,2.0
5.728253069237332,4.651075598692753,2.0
6.420608654642362,6.988365712301368,2.0
5.1702652836478045,6.364393652829805,2.0
5.602419555973446,5.338825214426587,2.0
7.057495770251975,5.976847499669906,2.0
5.380480418182731,6.215559296645558,2.0
6.736240388885793,5.003522624462548,2.0
