X0,X1,X2,X3,X4,Y
-0.6458872245510109,0.15341768044834658,0.006172198122658306,0.012662722978751194,0.2326357612421779,0.0
-0.6493331334863985,-0.16617117314199656,-0.000989546494750342,-0.014558126051619056,-0.2310868390534386,0.0
-0.6507878858838659,0.15443057131869473,-0.0010596060840240044,0.0006141923249332924,0.2317822610674041,0.0
-0.6544202307961641,-0.16536167267316096,0.004649505361497076,-0.0110781409497577,-0.22880815312207656,0.0
-0.5923171702484992,-0.12637716370169144,-0.025227171735529724,0.06897354359317125,-0.1994365441961799,0.0
-0.6519112447563828,-0.15591949621198636,3.2077069502896675e-05,-0.0026318935417636723,-0.23087814911304916,0.0
-0.6509545729028283,0.15341268860737853,0.00048759422336324993,-0.019390754859302726,0.23714118023733977,0.0
-0.6497091897807905,0.15388998168000212,0.0017950437629797244,0.002889485756602931,0.23365152235975145,0.0
-0.6505981085675437,-0.16245946093565392,-0.0032053214913710694,-0.0034199608296343483,-0.23333451740488734,0.0
-0.65279979318107,0.1534503995657676,-0.0006545042558834557,0.004283800489177573,0.2320915141392205,0.0
-0.6515796136936514,0.15565869668709081,0.005856972192525526,0.0027348227008266914,0.23268096468292304,0.0
-0.6504802295971012,-0.1534212900361077,-0.0023589194518449435,0.0008812521051234403,-0.23112930745466467,0.0
-0.6510253130770928,-0.16054897842513016,-0.002099596765111455,-0.0018055309382310337,-0.2310956176548172,0.0
-0.6491062791969796,0.15286841376488197,0.001206691760555157,-0.010232497422113384,0.2333476877142551,0.0
-0.6627042211491686,-0.15344787669806742,-0.000265067434404644,-0.0007129678084482744,-0.23060936649685546,0.0
-0.6519680307652402,-0.1540650556775826,-0.0015220523218544776,0.002826665535735267,-0.22925266062297733,0.0
-0.6509241412399593,-0.1539880132739294,-0.0023232577059383104,-0.0021975041639570522,-0.2312886007296703,0.0
-0.8000995311017806,-0.12798028010997642,-0.0018827178475993188,0.0041645509790219516,-0.22661356120577744,0.0
-0.651142633791125,-0.1557189264009876,-0.0035366382589169646,0.0014464100770380072,-0.23068975237010844,0.0
-0.6509514844609977,0.15247562866659836,0.0015399442538807223,0.003538745150031279,0.2312675323376215,0.0
-0.6504229359144671,0.1530469357417476,0.0031709732695717734,0.004886927569885518,0.23345654962044107,0.0
-0.7069257430828547,-0.1411795420687179,-0.001724616427485334,0.0025729651498233156,-0.22862683310294793,0.0
-0.7049988306786005,-0.1545614245921779,-0.011372109425250621,0.009509178262200324,-0.23113784974768153,0.0
-0.6505852148692174,0.15148595777011467,0.00765425180911177,-0.009999518455619433,0.2299955000934316,0.0
-0.6483578092063539,0.1549106217196326,-0.004795068666748645,0.007641722239801985,0.23195222695653495,0.0
-0.6499655872247183,-0.15572844901309457,-0.0012100735854952535,0.001466119221809413,-0.23153575029070458,0.0
-0.6029415358158687,-0.11045661015396341,0.04584439242946408,-0.08023993128875724,-0.20131689618327475,0.0
-0.6468488204459157,-0.15652147458218868,-0.0005745656799919649,-0.0010405890189482006,-0.23300809969584166,0.0
-0.6436762816552005,0.1519366499121195,0.003305627176684908,-0.005574821009201096,0.23355996543110213,0.0
-0.649769199460593,-0.15553854746339055,0.005390185884821062,-0.0026911238197179547,-0.23015399048381932,0.0
-0.6546573133074376,-0.1619154632437203,0.009550576986009507,0.010693543886475459,-0.23624754137405315,0.0
-0.656838688504087,-0.15611052167280412,0.000521112806634109,-0.0010312429941439242,-0.2304671587014548,0.0
-0.6537627277789096,-0.1551999786487014,0.0013909153720058206,0.0027094871567043153,-0.23000951643088566,0.0
-0.6530089146081897,-0.1552821744254507,-0.0008937542465422462,-0.0021772073805549543,-0.23052848064346895,0.0
-0.648182992761039,-0.150721242279756,-0.010088714538950898,0.015727678497201913,-0.2286465429999818,0.0
-0.6517109639095976,-0.15624258905957739,-0.0036313063346760056,-0.009454047117340793,-0.2329435928424659,0.0
-0.6501185024246677,0.15318059033352183,0.0032800490448000818,0.0012787788986037337,0.23052147751059232,0.0
-0.6440389311004041,-0.15910501908283745,-0.005029537029528278,0.008877581105384877,-0.23101883590008424,0.0
-0.6511631339098185,-0.15847547166810866,-0.0017477130617599302,0.004010587890739363,-0.23109718588256808,0.0
-0.7054033093780723,-0.14795468212311882,-0.0017820385239062583,-0.0015335207449172236,-0.22893864228091199,0.0
-0.6511402796439645,0.1586205442185397,-0.0055502488473077845,-7.915699667013475e-05,0.23438459679761575,0.0
-0.6539008356306888,0.1538802908383617,0.001043656624015759,0.004896927014705874,0.23088688302383759,0.0
-0.6365875940512515,-0.1452366627450124,0.004418325588953717,-0.016193122247822222,-0.2302983248674694,0.0
-0.647974416738713,-0.15876175374789375,-0.00970122063787995,-0.005253453896869174,-0.23193469458262875,0.0
-0.6519982199342814,0.15649585533596447,0.0014876782016716688,-0.0005239975085284235,0.23142276362579273,0.0
-0.6542022055280466,-0.15863631661923516,-0.005175702355967333,-0.0011877567767310266,-0.2321762448927893,0.0
-0.6513513910863158,-0.15648477113380677,-0.001635948513984382,-0.00034795239737369873,-0.23005433350548665,0.0
-0.6492114753896445,0.15547058178591763,-0.0061371054583765116,0.018105122247772543,0.23495382742821255,0.0
-0.6515653116509675,-0.1531698744982945,0.0029072303410393264,-0.0013249562823518099,-0.23066386939015102,0.0
-0.6529048752542865,-0.15655370133268992,-0.0017310643197875407,0.0034565188631678723,-0.2312697788431607,0.0
-0.6512456363943839,-0.1559800775904527,-0.0022292030374254355,0.00098755222606413,-0.23129752700925507,0.0
-0.6432351629358859,0.14770604165696502,0.0009665738507503441,-0.010621446945635861,0.23001794073762039,0.0
-0.6369541872042255,-0.14389097602034684,-0.00966947574274455,0.010671192761905554,-0.23051471407731697,0.0
-0.6527514965545123,-0.15476680720613942,-0.0009534115274666706,-0.0033524751131596173,-0.23100571643063048,0.0
-0.2859991383488945,-0.10389246851053888,0.043176458190318436,0.06660060373452151,-0.07857642174114914,0.0
-0.6521248332650591,0.15442737370946416,0.0020712441709506146,0.007682185387293544,0.23267829375869578,0.0
-0.6478705003471752,0.15635183645460876,-0.0005942658769139458,0.0038587937690707807,0.23155060002181485,0.0
-0.6514894875129181,-0.15509994380178233,-0.0014460067162185013,-0.0029011315873862455,-0.23019433475690088,0.0
-0.6550237658091722,-0.15663119636215336,-0.0011241202760543414,0.0010140109778200082,-0.2309712491352825,0.0
-0.6518832113426083,-0.15685834785917718,0.0016222739643387992,-0.0010541016702838454,-0.2320467752242198,0.0
-0.6522450607270699,-0.15736862160020798,0.0012078836901157411,0.00160904491462568,-0.23094858507720709,0.0
-0.6463205177529612,0.165665858610143,-0.006205415505017069,-0.003252781603896775,0.23851164681160042,0.0
-0.641935839954944,0.1465126509785463,-0.007228094763956684,0.034197381356189376,0.2370635512558647,0.0
-0.646208241679187,-0.15549570186131753,0.004162716254073102,-0.0068631601467251295,-0.2299190821454514,0.0
-0.7073062571624399,-0.00167610615503346,-0.09815411630851277,0.26651543642280323,-0.003038022825425807,1.0
-0.8326047474482433,0.05987251420963989,0.0037070321260347554,-0.01195053482093874,-0.2377279694010002,1.0
-0.8348272436990535,-0.061161444435792044,0.009637471297270564,0.019822683119402506,0.24466475793899442,1.0
-0.8357995778622482,0.0638811205830953,0.0010543757886114316,0.004219853313436581,-0.23730782386529697,1.0
-0.8297986107665776,0.05706485335078933,0.016528934149485062,-0.00816336304341757,-0.23590117938512967,1.0
-0.8312826496610619,0.06384634257484859,-0.0009562461519217476,-0.006492146270844236,-0.23815840055675636,1.0
-0.8221007790986173,0.06059442706644018,-0.010139983278004354,-0.0038290051812470242,-0.2435310695524704,1.0
-0.8429096370809062,0.060944715283267135,-0.0030273687491654314,-0.007382053161762523,-0.2398712871047935,1.0
-0.8340376670887687,0.058978523005063566,-0.009043241593128732,0.017744442076712746,-0.23625843913491812,1.0
-0.8246543439481686,0.05828183998636114,-0.0049714895601886714,-0.04620957991902761,-0.24311967024070094,1.0
-0.8384395085819032,0.06313190606845975,-0.003668528861260215,-0.003946389938654522,-0.23707875291760247,1.0
-0.83711278227674,0.061563341616240885,0.006848743325849983,0.005592653380051093,-0.2369570904824872,1.0
-0.8368065592694813,-0.06429681498026833,0.0004061293146802741,0.0073288116054421185,0.23823730671746152,1.0
-0.837532922613125,0.06205000078941145,0.0014437525503218256,-0.016289536274712864,-0.23674064680860293,1.0
-0.8307069843961848,0.059038310089133586,-0.003911347191421292,-0.01593564094885514,-0.23141967675569924,1.0
-0.8194363025856132,0.051876298779242484,-0.007761252798341556,-0.017153013187705964,-0.24000660042581698,1.0
-0.8310621865751036,0.061646710158542686,-0.0021891880325856333,-0.001101035856965208,-0.23095127675585816,1.0
-0.8477185427976597,0.05829908389014589,0.012179268930958585,0.0027814607033863348,-0.24160088364962784,1.0
-0.8352506149842126,0.06368191692740509,-0.001192112473770402,-0.0035200583798167483,-0.23534989963996175,1.0
-0.8356803453381741,0.06283770302383684,-0.012080268559871826,-0.010515601500307293,-0.23645916034904468,1.0
-0.8376936429453621,0.06184679013135873,0.005980986383430908,-0.0028421246751533795,-0.24132840237803163,1.0
-0.838284625466363,0.06409996622101147,-0.0023343587604138017,-0.0009445585583037535,-0.2378544788214553,1.0
-0.8353586963470327,0.06102424366304374,0.0025364351532037033,-0.0023338764467323247,-0.23114736757968696,1.0
-0.8321906208525867,-0.06460375139521074,-0.004244558818167889,-0.0013148376108229809,0.2371269159472994,1.0
-0.820182023798827,0.05653166675010514,-0.01831834805601755,-0.056346514223315394,-0.24764814432233886,1.0
-0.8348894532618129,0.06170597934944128,-0.003896490412231546,-0.012725387241934602,-0.23318447520146252,1.0
-0.8316399241951198,0.06235928515046567,0.0014473436780078133,-0.01034415977465245,-0.23695997736576166,1.0
-0.8425799751516663,0.0580556188208533,0.014307394456190765,0.00041776210263525535,-0.23128870587736466,1.0
-0.8245552477150521,-0.06681019385302771,-0.002828301765695534,0.00809239041889526,0.2465768224020264,1.0
-0.8248156914093575,0.06011311284772999,-0.015730759149334667,0.02160600319096528,-0.2377117681344005,1.0
-0.8321496934918728,0.06289264739593686,0.001618613576174905,-0.012025754667569416,-0.23253209905442032,1.0
-0.8380387235649216,-0.06493074993491364,0.0036718696188038787,0.002978783872289967,0.23638977234835307,1.0
-0.8292163644739867,-0.0649460137191024,0.002301307029103268,0.0051556464431038425,0.24339562705373732,1.0
-0.831491384259418,-0.0616721696292588,0.01027798126142394,0.006699479896843806,0.23393220331773798,1.0
-0.8385277009182341,0.06345418177346912,-0.004702337811139812,-0.0009336337735012052,-0.2364221924576899,1.0
-0.7555310617671067,0.024347051766421927,-0.12406753397232309,0.0009235702946570744,-0.20032888729921988,1.0
-0.8217019017169784,-0.07499402207243473,0.013129385089336353,0.031796595126162605,0.26751808249758563,1.0
-0.8420910084840124,0.06378121431245638,-0.000253447534433825,-0.005908391866825035,-0.2413214376795616,1.0
-0.8361903912830266,-0.06529273304902292,0.004316374382430819,0.010422006959050843,0.2352546957756587,1.0
-0.8385917875445712,-0.06315383422905235,0.007959681385819734,0.01298561766742192,0.23563639064943995,1.0
-0.8363829184049406,-0.06500030969526821,0.0029535259865289994,0.0022912583736232044,0.2357267686131324,1.0
-0.8386729505999619,-0.06469803714669181,-0.014900396385320364,-0.0012868940766821773,0.23544969226036114,1.0
-0.8329081256286606,-0.06524271462309116,0.008379729194276226,0.010822240286649451,0.23856019397310813,1.0
-0.8365581205588206,0.06340954146858246,-0.002272690127130153,-0.0015062759013883685,-0.23482975753312424,1.0
-0.8409683100973867,-0.06118004454106211,0.008880345794921493,0.011166361817166827,0.2356418949408489,1.0
-0.8234448946580557,0.05648192264375923,-0.0174654982205722,0.005852927143983096,-0.23978542745109396,1.0
-0.8157846980962781,-0.05163997680820042,-0.02643236557039917,-0.013243626974575887,0.24766199579525394,1.0
-0.8370062809536898,-0.06473091734266057,-6.958530061798578e-05,-0.00064746361030775,0.23673091653667067,1.0
-0.8503486212282826,0.05169291450556527,-0.02542273960414785,0.01714843939062022,-0.24252331425896928,1.0
-0.8392324592297059,0.06415213647356428,0.0034475167250077347,-0.002140655002433295,-0.2390512006088872,1.0
-0.8378686876820475,0.056580303147640114,0.00668184025286393,0.020454563704727924,-0.23988103826717608,1.0
-0.8301518754968396,0.057876731767710334,-0.008078263796538126,0.010528757604076379,-0.23618422700555697,1.0
-0.836252966465702,0.06073280485495812,0.00846233347772723,0.009257675863901495,-0.23486328748629437,1.0
-0.8369356204094566,0.055484471586623674,-0.011361134573173547,0.011619504545528143,-0.23113143328352861,1.0
-0.8341329704386772,-0.06473209932881832,0.002445408824100272,0.0074192064744459055,0.2390458526239222,1.0
-0.8340848106017171,-0.06480590030878448,0.0004279045983397419,0.0017292251953707847,0.2378027302362906,1.0
-0.8300233367275731,0.05802639809119003,0.006914390012644678,-0.03152151160033574,-0.23927780328435033,1.0
-0.8326692684530178,0.06341773410227564,-0.0029934556697770957,-0.003662596439430933,-0.23804815895699297,1.0
-0.8360160140548866,0.0599200748513418,0.005570726890851872,-0.01624944788571589,-0.2386854497161057,1.0
-0.8275390913752524,-0.0627653574108729,0.009429940578809777,0.014339583141522273,0.2348889206102144,1.0
-0.8280627900283987,0.060777582114893966,-0.0073999342027200165,-0.005217496933605097,-0.23516618795808467,1.0
-0.8341473126561695,-0.06331570999746035,0.0026426540522263555,0.004422687344021988,0.2424173079350482,1.0
-0.8427972822127809,0.060422099129561,0.015585126835884585,0.002072745189587981,-0.24003661598234907,1.0
-0.8359041141801258,-0.06366159846800433,-0.00222149049615342,-0.006444195126433125,0.2433076814898103,1.0
-0.8862253341522812,0.06953531748080509,-0.011451701845328554,-0.01678182393005345,-0.18060869442291494,2.0
-0.9003997780707115,0.0691749452227549,-0.007110005979954046,0.0002621410050780961,-0.1752744120587302,2.0
-0.8847401503814587,-0.07288159778623667,0.006393814942480954,-0.019572314318854037,0.17104743458415542,2.0
-0.8947979249401841,-0.07174693092494171,-0.003710672914824311,0.0012983923831237682,0.17665995785372374,2.0
-0.8524381081993027,0.046567022144677554,-0.05404081887721354,0.01926266233870612,-0.1546643128630351,2.0
-0.9059294417925823,-0.06751348918290642,0.00025138746697777887,-0.005970381589655321,0.19415812907050164,2.0
-0.8974716075490419,0.07070739133053677,-0.005185119565242631,0.001228274078858906,-0.17466296483287835,2.0
-0.8867312188327071,-0.07197835496555281,0.0006784136609641768,0.0023102469158778186,0.17499065269741876,2.0
-0.8903040233131715,-0.07267320131967764,-0.001188110596642279,-0.0007739387949247403,0.17848973010749974,2.0
-0.9005785809488711,-0.08061124248491873,-7.050774971050727e-05,-0.019575752236552686,0.1834263635546975,2.0
-0.8943836560291626,0.0693950417527607,-0.00798540766798492,0.010499494884153103,-0.1749740739398245,2.0
-0.8988016092540779,0.07220065714107415,-0.00250779637572462,0.0024252738845425923,-0.17483922631451798,2.0
-0.9032254724854415,0.0708585165818228,0.0019643535866024245,0.005395472531355076,-0.17396629125750918,2.0
-0.8901672670004566,-0.0006949723729366793,-0.363751342779078,0.03858860475317065,0.01798629733061734,2.0
-0.8979725934051641,0.0718251825938891,-0.0011839765942447766,0.008480327638481895,-0.17805940268275605,2.0
-0.8942612880158475,-0.0741229865671814,-0.007859901876487968,-0.004985164972347425,0.18243178244766745,2.0
-0.8980365811815474,0.06979631610738857,0.006900934892013601,0.018457691748698064,-0.18769970020646384,2.0
-0.9007537140227557,0.07125414798894325,-0.00784517057575891,0.008448193052112227,-0.18109413069154148,2.0
-0.9002405238381672,0.0699612123269794,0.002958751719951199,-0.004186306307463342,-0.17393726383232447,2.0
-0.8936860324654613,-0.07408426149120387,0.0037659265426390385,-0.0017690028352952698,0.17705621697760085,2.0
-0.8947548748934655,0.07004793831305582,0.0015117032923340746,-0.009653125319988442,-0.1759352989213573,2.0
-0.9003019323937109,-0.07385684786768675,0.0018821614277415842,-0.010016298192446925,0.18037233776964992,2.0
-0.8983046387467993,0.07116920383686397,-0.0006866153517271265,-0.004025809326142788,-0.1741514403853992,2.0
-0.890591944483575,0.07137032315582148,-0.00889224925533356,0.007435473811602388,-0.17676364457200727,2.0
-0.8981571880171527,0.07197794814765501,-0.0012491775200881064,-0.0019729446443724308,-0.18050664613691292,2.0
-0.8963890223314452,0.07248925536990161,-0.0029773458859941953,0.0011298498790829601,-0.17553179393678986,2.0
-0.8987033953503437,0.0691817416233858,0.003616188693249437,0.00989982050622199,-0.18010180858360167,2.0
-0.8988962666327407,0.07024373108495637,-0.006611200198926601,0.01907045880826282,-0.17889505303092434,2.0
-0.8902277551984396,-0.07299847159779606,0.011656697580300805,0.009148905185040326,0.18079154119963764,2.0
-0.8971139534318108,0.07125269674526771,-0.004100533675998386,0.0022220953552714766,-0.17483774909196098,2.0
-0.9012608439801155,0.06878766697973855,0.0035425240089199963,0.01465636635659333,-0.17853957292363473,2.0
-0.8980250822878112,0.07135720753429523,-0.0025756171806307557,-0.00044126374057715245,-0.1744944091319193,2.0
-0.8909183885817216,-0.07410210291050097,0.0035002319967414124,0.00495754256733294,0.1811505299894872,2.0
-0.8946431147472875,-0.07405108828735155,-0.0032587399227632856,0.000829693979405331,0.18378093109841648,2.0
-0.891624616572962,-0.07389825237115127,0.006223617945718183,0.005639071702478251,0.1741505334942641,2.0
-0.8545512034724045,0.12475737297086552,-0.11854566944261902,0.013387279217613825,-0.08143071298893721,2.0
-0.8914096717086816,0.07055085202716949,-0.0065480499879997985,0.0036433009601178675,-0.16862821388244909,2.0
-0.8975868821997119,-0.07537237542499121,-0.002595887202076042,-0.017122645135147156,0.18427014020521737,2.0
-0.895407463799593,0.07315756101376883,-0.0013152879318357412,-0.0010152176199737459,-0.17785131359726605,2.0
-0.8855822307455037,0.07310880353323523,-0.011413378680359553,-0.0065148130695751975,-0.17399331869094703,2.0
-0.8918726975493675,0.07055485092403471,0.005060544932944097,-0.0037744583367597755,-0.17549376625328394,2.0
-0.8990706410416003,0.07219090240782686,0.0009111245294218367,0.014541140121844555,-0.18177063357766612,2.0
-0.901961540376031,0.0692784625607774,0.000871298381596573,0.01353833438872778,-0.17722009199289845,2.0
-0.9005707032883666,0.07011634317746049,0.0029322020612691548,0.004571802601056872,-0.17234096103937485,2.0
-0.9017616494110521,0.07139381274172103,-0.0020429363800207826,-0.010898934905564706,-0.184716119533817,2.0
-0.9099767013016417,0.07104263384774909,-0.042149630109250075,-0.0039441372426372015,-0.14973748446041668,2.0
-0.8968532514351193,0.06927990796371002,-0.0008095175237484175,0.012353669917636976,-0.1797221685918969,2.0
-0.9037321081929028,0.07005645435333169,0.002871700943611815,-0.000866292659181379,-0.18071298882896264,2.0
-0.8938734873971493,-0.07381182691633865,0.005948374021492888,-0.0030391592895837763,0.17873741622301212,2.0
-0.9050879344259132,0.07019648303324678,-0.0012158084318091417,0.0001242451519071441,-0.17563275804323397,2.0
-0.8975545359061949,-0.07173577155064267,-0.0047518274935999,-0.003150234591097042,0.1750739054678348,2.0
-0.8905391040292319,0.07000961148416435,-0.0004056109179743402,-0.0005879521246892361,-0.1742770373485408,2.0
-0.8951165406418331,0.07069800795641741,-0.0007830370804295427,0.003180657060214593,-0.1761757098111168,2.0
-0.8979438784174542,0.07150744364998503,-0.0005834287932144529,-0.0005366839361949525,-0.17751264158045812,2.0
-0.8996391091528088,0.06926416797812214,-0.011866852181020932,-0.005563274335071109,-0.18182698952348322,2.0
-0.8922530602815568,-0.07521754598345719,-0.0028193522722639195,0.00757685563323592,0.17885422112107255,2.0
-0.8978537485399749,0.07031862139813702,-0.0018321040801289009,0.0016208121063668352,-0.17452265618377885,2.0
-0.8856972885220605,0.07449427711171783,-5.8853188478302166e-05,-0.004950034515090126,-0.17551967238143917,2.0
-0.8880376524453926,0.06969197761223037,-0.01303193467180326,0.004754405818278833,-0.180263061566026,2.0
-0.893873873990013,-0.07073773391085038,0.005407921764843435,-0.0010657543636554009,0.1717215916477117,2.0
-0.8990195279190414,-0.07216124491582586,-0.011531363893252012,-0.009845648638367862,0.18064641648024338,2.0
-0.901815582613437,0.07084604988469018,-0.007303597265738367,-0.003050664996752225,-0.17835984751638098,2.0
-0.8926766788311385,0.06937495361631174,-0.002630912740926217,0.008485198738772223,-0.17681835640995688,2.0
-0.8764756872038861,0.07210741027279803,-0.0006343459314520014,0.009229329842833698,-0.18664121946590057,2.0
-0.9621732278106899,0.05316733756119574,-0.0087075071561421,-0.006330142145793223,-0.19471665494142654,3.0
-0.9742901855336255,0.05157853816783724,-0.009473223983827429,0.014110754781375405,-0.19495737147272985,3.0
-0.9627621310794051,-0.05536523509038641,0.011500754367037893,0.0188107870364854,0.1973672916660762,3.0
-0.965798819489074,0.05288600066258309,-0.018696074383924344,0.017727459623142667,-0.19149103024453498,3.0
-0.9714521442723832,0.0556407029241604,0.00939873201309247,-0.06378535144760397,-0.18045757146591979,3.0
-0.96064675354217,0.05138507556401152,0.005605751774656571,-0.0314738013325142,-0.20823738042196577,3.0
-0.9635295525334364,-0.052332181475234676,0.006667682544027477,0.008963444730428967,0.19110737667865832,3.0
-0.9665300379708982,0.05388568461162475,-0.01982850048314752,0.02238636658517818,-0.19305178312681728,3.0
-0.9798421034226781,0.0597871098915841,0.003941178883956934,-0.08824937176147171,-0.18097226050987572,3.0
-0.9658310043623435,0.05088378410096153,-0.007839761021994495,-0.01383546650979604,-0.19560130339385817,3.0
-0.9608942981428235,0.054039547328888736,-0.013099789792240352,0.013300676489210775,-0.19083351275605503,3.0
-0.9647977891113393,-0.05300789971941168,0.0016910944263363562,0.006468690597450564,0.19431048358481254,3.0
-0.960005583221087,0.05115725667102847,-0.009968348578423375,-0.005255104919858676,-0.18581463017992206,3.0
-0.958279649934667,-0.05416817054829414,0.005556807563222873,0.01848460950767602,0.19258279309155735,3.0
-0.9630888638147949,-0.055239089847498715,0.008216362063347693,-0.00426928984734365,0.19643026239962824,3.0
-0.9696938769497404,0.052850766019553894,-0.012199804689865005,0.010335785848706602,-0.19480601668459216,3.0
-0.95626072000046,-0.05629667922763287,-0.003339799311070868,0.020807782715740523,0.18904290964315054,3.0
-0.9630764120720511,0.05307213677769372,-0.010413359353646814,-0.008971169200610711,-0.1899350234363033,3.0
-0.9638571146454252,0.05315045055169006,-0.0099371528996378,-0.006289582177644636,-0.1936078705763402,3.0
-0.960866356729452,0.05256090442995279,-0.014101781337016417,-0.008550021814682653,-0.19208372815848324,3.0
-0.9685193654632136,0.053070710463413565,-0.0061872448742776465,-0.029785341237969533,-0.19278277766874574,3.0
-0.9610531672500704,-0.053580482744700245,0.012353134194420917,-0.006233468234992768,0.1934041373597044,3.0
-0.9577487998971813,-0.052584330858353664,0.0008630473622607986,-0.005709167471370393,0.19667118775043047,3.0
-0.9666406290746064,0.04993549471845301,-0.010614202292068489,-0.0025978324639249345,-0.19050929050575796,3.0
-0.9674135632430217,0.053155021965957526,-0.01907282500864671,0.011638730493520488,-0.1933319171506118,3.0
-0.9525655822581096,0.049608368571336346,-0.005416214918302613,0.007406839649132691,-0.1981626410226986,3.0
-0.9627657633372407,-0.05287856643990034,0.013006184198548688,0.00742882388955386,0.19572131937012166,3.0
-0.9649642140297076,0.053728049197688144,-0.014624007816836876,0.0044383557629641855,-0.19159468649830524,3.0
-0.9630636494006876,0.05180675589729361,-0.00806699782861863,-0.005490004613072124,-0.18300529746275107,3.0
-0.9599255378781274,0.05366236659383767,-0.025350976153444133,0.019586403603809314,-0.18916581615604766,3.0
-0.9662488111943802,0.05204762716868683,-0.004935631685199079,-0.026264111763893455,-0.1868594398843686,3.0
-0.9622178063087219,-0.05405315323580062,-0.006243258367332669,0.0023224455232125486,0.19203175695653799,3.0
-0.9637873469252018,-0.05415872409958902,0.002809738546702379,0.0023187722079827246,0.18897856672295674,3.0
-0.9674617049212043,-0.05395067924524664,0.019693239062907222,-0.027422600928563728,0.18563929485799335,3.0
-0.9606378310989839,0.05194772059408051,0.0022216383226737837,-0.031987372536327545,-0.18978656669717056,3.0
-0.9641587821036952,0.05118979998915784,-0.0075394299262705865,-0.01946067884136739,-0.19041202281537983,3.0
-0.9682090597939945,0.05283576109307643,-0.0032000249206209147,-0.027016105019723947,-0.19497965187858046,3.0
-0.964731591518339,0.053043779468249994,-0.010008014738390846,-0.005991364405291208,-0.19700903291510558,3.0
-0.9670726977675337,0.05392864048855391,-0.009522847616860444,0.029258408409429185,-0.1928299294837494,3.0
-0.9646651569062468,0.052266538247143196,-0.006737225219599251,-0.004892577250142503,-0.1922261227460592,3.0
-0.9621392560950401,0.05243951148267406,-0.007852789723138744,-0.009615439612603348,-0.19257400255124912,3.0
-0.9633621871906417,0.05038885117696356,-0.01030815440145676,-0.022967704291693997,-0.19742805802797506,3.0
-0.9623196753134349,0.052226279669242,-0.013773222956512081,0.003687695989979671,-0.18681685189108932,3.0
-0.9526575933860068,0.04854683797587371,-0.015311199979166393,0.011999790556967784,-0.2054702111102062,3.0
-0.963807356871855,0.05104713759499758,-0.0051657582119311735,-0.01906399283700138,-0.19161424338864758,3.0
-0.9657997834407085,-0.05337143906533477,0.008795818892886604,-0.009099563821480252,0.19879903913033037,3.0
-0.9612736189438211,0.06226521182793037,-0.03653748754639063,0.05565905544889303,-0.17285182374056957,3.0
-0.9638066205185503,0.051928433866543555,-0.008481325201613618,-0.014055871769273538,-0.19186231040984686,3.0
-0.9662420881794639,0.05314303812803766,-0.011905231800294677,0.009730270683276787,-0.18846720490964436,3.0
-0.9615775500268752,0.05095028170095485,-0.0010430834519080021,-0.028110592801335925,-0.1936592054362633,3.0
-0.9573825885277025,-0.0546443254219224,0.002762336933458206,0.021335897921325404,0.1940876391218019,3.0
-0.9627399090349555,-0.05315494348476617,0.010232032886560914,0.001766791346398811,0.19085303850797666,3.0
-0.966705549099005,0.05310350868483044,-0.008201116350258247,-0.010948568382761172,-0.18887803270121292,3.0
-0.9671689696829225,0.05485210983123401,-0.017444498748937172,0.005092550339567104,-0.1844422787336038,3.0
-0.9581436098001596,-0.05333604586443888,0.006960695499230273,0.02464993977614155,0.19392555827047012,3.0
-0.965222910168382,0.05184794306350563,-0.006113568499713393,-0.02922440340553314,-0.19257544660007928,3.0
-0.953904258672535,-0.05353717959134866,0.004734633449771129,-0.006345533380849588,0.19874184578550716,3.0
-0.9584173833938089,0.051510884126873414,-0.008360038953451037,-0.011961491430547928,-0.1914588296653262,3.0
-0.960553027277878,-0.05652641045946309,0.009852667051855009,-0.017423319239564982,0.19312213350122076,3.0
-0.9612566517752026,-0.06076562545695688,0.009310105568725292,-0.031010204171030675,0.1895232014885063,3.0
-0.9678039074486898,-0.05288243135373343,0.019347176831059548,0.01890466855631466,0.2011148534553287,3.0
-0.9665074998821933,0.05287803777429398,-0.004830129427039094,-0.014098651140695901,-0.193870158232588,3.0
-0.9663600726155661,0.0528665718193066,-0.0057214262724415346,-0.013921882279778114,-0.19111706993967847,3.0
-0.9670216218335362,0.05119130888035306,-0.007339433036433673,-0.012134966313002397,-0.19380734512986947,3.0
-0.9411269430618441,-0.11670294765076974,-0.006318429374468772,0.00170259021068201,0.15396337503722057,4.0
-0.9440615276318987,0.11635082600679411,0.006475187898664019,0.011723408208925808,-0.16120601829230022,4.0
-0.9328792408311397,0.1142084487672967,0.004213607148225405,-0.007548264805113904,-0.1507807037767969,4.0
-0.9341374564974205,0.11389029420547644,0.00675608056684378,0.0023923199212988414,-0.15751513818812676,4.0
-0.93758798902116,-0.11711332427380046,-0.0035381830928249334,-0.0008167943403786483,0.15358220570564668,4.0
-0.9456711117080098,0.11708582266370056,0.004500193091419582,0.005820691375169843,-0.15697766669080257,4.0
-0.9404037030522815,0.11630676249065153,-0.0031017327297364265,0.0010428402568624592,-0.1526754837498437,4.0
-0.9388570336150821,0.11596383617288727,0.001010642982636196,-0.009127004271894062,-0.1549091606389735,4.0
-0.93325063883398,0.1141498880493622,-0.005815162056573034,-0.018480863830554303,-0.1550438703123348,4.0
-0.940020484422695,0.11750730281491487,-0.0026557126264825618,-0.00410755440482147,-0.15099500917116945,4.0
-0.9393715882650627,0.11673551581841525,0.004728199159170353,-0.018883201273698115,-0.15497865304227132,4.0
-0.944738978930858,0.11457104769529114,-0.002349585515953434,0.00039086971347478973,-0.1502433488083539,4.0
-0.945688767597341,0.11499924411729112,-0.0030549521335286167,0.01166324708711844,-0.15181166956278824,4.0
-0.947502694338143,0.1168794120332467,-0.005119430122681546,-0.007773610985530689,-0.15774939740274294,4.0
-0.9394128328642948,0.11342858042614849,-0.0075390969548591565,-0.019577975468922242,-0.16261976876479683,4.0
-0.9413186737070899,-0.11928041652057038,-0.01756559304973197,-0.02617370232760933,0.14035747596593498,4.0
-0.9357728328906256,-0.11757630349132889,0.006090545619351321,0.002625203035670163,0.15519070765252305,4.0
-0.9181782737537018,-0.10153515040501819,0.03521403692946267,-0.018508899248854214,0.1637793770113266,4.0
-0.9398156770862258,0.11728635266723494,0.0005323065543369172,-0.003889827870446693,-0.15269456791738734,4.0
-0.9310625733143648,-0.11491411581742661,-0.008718518746706419,-0.0051969716514581946,0.15200723025358676,4.0
-0.9410014318654615,-0.11988129996219106,-0.0037338408177699377,-0.0039460035833092395,0.15431592332639224,4.0
-0.940025857227013,-0.11818879034921774,-0.0004855770308986929,0.0034978978095309226,0.1526832377994748,4.0
-0.9455128538210413,0.11668308211957015,0.008429601791899053,0.0028103798859620377,-0.15432683643703984,4.0
-0.9805094685742141,0.06209689655788584,-0.20632127970646327,-0.0861803312278828,0.0009528414737071939,4.0
-0.9380567779165071,0.09940283030495804,-0.030172815851879888,0.021987742164857008,-0.1523631714876208,4.0
-0.9441609753225335,0.11625506437703415,-0.0022404617107560604,-0.006479547659804535,-0.15425895265472042,4.0
-0.9413347490689651,0.11666460916090107,-0.004030784622564349,-0.004499996624356016,-0.15498490189070657,4.0
-0.9408380030195146,0.11736184900395934,-0.0033263970567992403,-0.007237609041936437,-0.1522904875429317,4.0
-0.9436000608550404,0.11666374881581085,-0.0032361792254482,-0.0032688154970802147,-0.15524764617224826,4.0
-0.9469742168282511,0.11517702151689975,-0.006484873244771645,-0.016928022076669977,-0.15422943912955325,4.0
-0.9424433848062135,0.11629985168854452,-0.006394925222898944,-0.008966139052111133,-0.15418369037796473,4.0
-0.9342886600372048,0.11585629799510823,0.004184311091108232,0.003032815993702836,-0.1514109837164011,4.0
-0.9422045980025622,0.11664109887865143,-0.008272863532076262,0.002615086670264201,-0.1552229565745885,4.0
-0.9385148624197668,0.11703927070918635,-0.0041618656278511615,-0.0066795339633529075,-0.15587816397288845,4.0
-0.9395976666388215,0.11643297606418941,-0.00013613242427484206,0.00031782911198617467,-0.15492428490572824,4.0
-0.9281289201663524,-0.11662302408034443,-0.003924633506231632,-0.004874040857677244,0.15899108893994698,4.0
-0.9923940520785339,-0.16066042257272417,0.07022846617619276,0.17798352040951443,0.055720082468632345,4.0
-0.9454177047272034,0.11546032809144084,0.004342189892106324,0.00035550803418562957,-0.1484787006270009,4.0
-0.9413124285447315,-0.12141402572992847,-0.0029922385737314442,-0.0036962084964870154,0.15703079351700333,4.0
-0.9314589308496942,-0.11578554260577938,0.001020854614683812,-0.00047665860851160165,0.157634293494211,4.0
-0.9303860933646992,-0.11832856498552059,-0.006132332419739618,-0.0005751831518277782,0.1671624977351614,4.0
-0.9440031208401728,0.1175219628518507,-0.00852163232696573,0.0032575106583409234,-0.1544981038207275,4.0
-0.9421689130884291,0.11714967045717459,0.0073770586102111955,-0.011368030538867152,-0.15281213563696333,4.0
-0.9380101248298381,-0.11716777201101654,-0.0003021512885116189,0.0017196106469653033,0.15278909349303327,4.0
-0.933161738204826,0.11649531830591178,0.00012204200526049714,0.004683497149719357,-0.151726283795797,4.0
-0.9408615420641185,-0.11665616708460608,-0.003384902427990034,0.003857564196097401,0.1501871808405542,4.0
-0.9371585954505309,0.11687166026172277,-0.005275347917123354,-0.003569460173557781,-0.14957901126463105,4.0
-0.9342777124670304,0.11623638092146918,-0.0033500457579909043,-0.003713064519507419,-0.15392351015051417,4.0
-0.9380172375536981,0.11687401907589669,0.00060720630330846,-9.252347516504805e-05,-0.15162431171483254,4.0
-0.9396822890270359,0.11552485950890938,-0.0015947365403567518,0.0021480922822337332,-0.15352121601265817,4.0
-0.9402039061230053,0.11346035710319609,0.007603730511163747,0.0044698791216900525,-0.15421415477140804,4.0
-0.9363073853729867,-0.11705881347613861,0.0041140501541702115,0.001443550116490841,0.15132642795272983,4.0
-0.9412047917104609,0.11552210817011267,-0.006006580553901121,-0.01094983785942569,-0.14735999868340513,4.0
-0.9436740611813456,0.11777635636254292,-0.004845605451116346,-3.188814639329403e-05,-0.1518037122061741,4.0
-0.9376493820781763,-0.11879792255824607,0.0007227342026941262,0.0018797710965181306,0.15340680231838072,4.0
-0.9349796856924916,0.11921701604942117,0.008850945048699462,-0.0015712181650284682,-0.1604847828593049,4.0
-0.9369199589590692,0.11835566445431803,0.002395406564796118,0.00015569646102169357,-0.1540917416173196,4.0
-0.9337289740031994,0.11693175259347043,-0.002993876035870191,-0.000604670928304819,-0.15847314931703918,4.0
-0.9428460783660888,-0.1193895717515135,-0.0007306600116493252,-0.0017607763889702175,0.15248508093421148,4.0
-0.9388555945958722,-0.11637389738163917,0.004350191208040143,0.009638808352929105,0.1496798516991911,4.0
-0.7032775975781005,-0.17000409741736877,0.23127089061048647,-0.0782406081284096,0.07781186544336467,4.0
-0.9408277405494934,-0.11739239267588872,-0.00044076229248837486,0.004194404386987249,0.1532188180506218,4.0
-0.9385688019804023,-0.11846340996613595,0.00016942212042329627,0.002488803547370161,0.15159935339209957,4.0
-0.9526597048553004,-0.1409271419024992,0.007069827672832205,0.032069185435878854,0.14433228252335625,4.0
-0.9603634695601142,-0.12926751788456325,0.004336459497662252,0.003581406984336447,0.17725717653254117,5.0
-0.9608769858607857,-0.13026014636407307,0.001029573292894514,-0.0012744548248500318,0.179270689684675,5.0
-0.9687099691116179,0.12771703689698707,-0.0028138388105430636,-0.0033672202877437518,-0.17629825593428963,5.0
-0.9567795945613757,0.12662826719606451,-0.010998111303372795,-0.048757056109591204,-0.17381886648853112,5.0
-0.9555371890239444,-0.1310010340734056,-0.012309938236875723,-0.01902912633572751,0.17986331024466784,5.0
-0.9608863165543454,0.12350276969649145,0.0034871572392923228,0.031251386071132294,-0.18122233907600055,5.0
-0.9617117514780692,0.13038550080366085,-0.002454701415039938,0.014633937196470485,-0.17931778681643204,5.0
-0.9345821478123669,0.12565377650560744,0.018455876532978865,-0.01759190629132647,-0.17167527002816688,5.0
-0.9547137627948151,0.12231062453115135,-0.01400351599230582,-0.04559604209573657,-0.17509015510904624,5.0
-0.9612171094315233,0.12867115079488245,0.0005567982131581893,0.016211366934438042,-0.17507967681124464,5.0
-0.9694382145213923,-0.13199965986898127,-0.006779515737157475,-0.011518900294527954,0.18798763900763307,5.0
-0.9589767930987314,0.1262019637414024,0.004606641033188346,0.022222625559747976,-0.17642600485697824,5.0
-0.9566372319009361,0.1268627953872289,0.006867200549068267,0.016973697699795523,-0.17124409947356883,5.0
-0.9600525818178552,0.12864842463004708,-0.005495864010673017,-0.005248993989401654,-0.17343638530970507,5.0
-0.8222237748253671,-0.11066358280763684,-0.1381027942533207,0.05320998583095837,0.13296559932689936,5.0
-0.9563789041355889,0.12886657259517617,-0.0053045528705540496,-0.001697562327564589,-0.17564598985178306,5.0
-0.9596491083096846,-0.12967147790388683,0.003116435644024855,0.003550484006173477,0.17770341180239313,5.0
-0.9633292161869009,0.12836466349119066,-0.007596792137632519,-0.0009205437280479007,-0.18054223977424091,5.0
-0.9626994215874473,0.12505038135978352,-0.011055281316341998,-0.02049261441685701,-0.1800171695754862,5.0
-0.9626651724997753,0.12780288639508167,0.001020568670742712,-0.010420280618575483,-0.17516271610524803,5.0
-0.9611717372847505,0.12771351903756586,0.0076234001699167575,0.030478403123021313,-0.17766231081662082,5.0
-0.9647913992089409,0.12821598875713544,-0.005491679748091534,-0.0045590855858731,-0.17691770188497277,5.0
-0.9647332333026601,0.12444230444650113,0.015540399362373369,0.02874140892240738,-0.17478685034738975,5.0
-0.9543825568112193,-0.12947196687714058,0.0037877864540923675,0.0009746563333760016,0.17642230400763304,5.0
-0.966009166798793,0.12860156220893243,0.0008865928122965533,0.0009615886573042222,-0.1774214633486054,5.0
-0.960857143121408,0.12854704122718125,-0.004608189458187992,0.005306352537648044,-0.1772709467835016,5.0
-0.961725873387544,0.12484440520793064,-0.009211905576574022,-0.0223017062842539,-0.17522967178432333,5.0
-0.9604454210815095,0.12813008563608902,-0.003577454947561516,0.004220967701997526,-0.1764859719914178,5.0
-0.9604327404428394,0.12867844486282715,0.004424862485964706,0.004750881591751449,-0.17825286021739645,5.0
-0.963555868755351,0.1295143305821452,-0.005178836494880073,-0.02533934148747967,-0.18275644009356187,5.0
-0.9577542490048455,0.12758474919566093,-0.013281960404018633,-0.06635900888050386,-0.1646477292196528,5.0
-0.9505995945580098,0.12370115426962028,-0.003037676656678532,0.0007020623406159541,-0.17760389538077956,5.0
-0.9825457064577271,0.12985593533107828,-0.013999440516299425,-0.008939548797054126,-0.1696230547797763,5.0
-0.9578213386621497,-0.12878332207632825,0.005458627480614145,0.002814569969799848,0.17537393396534373,5.0
-0.9647733145173021,0.12707024884569726,-0.006979563322358454,0.005332854513282343,-0.17659658725453928,5.0
-0.9526356099486696,-0.1327615810477161,-0.00868446214733729,-0.01620379681952131,0.17675885738440664,5.0
-0.9599967980495477,-0.12998598692037508,-0.0005178984553053176,-0.004864008317915189,0.17967967328531625,5.0
-0.9576009520438642,0.12882671657552502,-0.006891049951901306,-0.05405117639272369,-0.1765704614454345,5.0
-0.9474157922432095,0.1233269153161378,-0.00878718622029164,-0.04149700384897865,-0.17736732372599207,5.0
-0.9593876581510752,0.12394775219465408,-0.008348848467049374,-0.0369733515454933,-0.1761330098868939,5.0
-0.9614537505213279,-0.13073856001313447,0.0030518733566629688,-0.003618469590489033,0.17591422611542584,5.0
-0.9533750852479308,0.12641111597113633,-0.008786529948707723,-0.026959985128307763,-0.17955634524614994,5.0
-0.9643057585377269,0.12818684098749936,-0.006194066224797903,-0.014815426015868313,-0.17677625031750113,5.0
-0.9592875918066276,-0.13094882239625985,-0.001939336223649009,0.008995532445660651,0.1764604166372465,5.0
-0.962510915636449,0.12775546185832143,-0.0038019910392963516,-0.019057300474468977,-0.17494472501254865,5.0
-0.9585571727859173,0.12834720016223383,-0.011609320636678412,0.011011941025363785,-0.17750783426354694,5.0
-0.9617256208586692,-0.1293018437505868,-0.008002103955601542,-0.002805017118416606,0.17725178527031918,5.0
-0.9604733304902808,0.12808228033907765,-0.004309784515293281,-0.007358835388987941,-0.17597485481324301,5.0
-0.9523643834113577,0.12212146682401799,-0.006136028298695624,-0.021694052680520163,-0.17082418078126074,5.0
-0.9522812066388843,-0.12904943501322141,0.0018453102863039163,0.005948826368357074,0.18280879338763725,5.0
-0.9343640675131171,-0.14349335884065567,-0.02045844755500928,-0.05744179876055297,0.15792166542931307,5.0
-0.9638485708718096,0.1276864949624421,-0.010859294246688389,-0.016359863638025312,-0.1750216731567143,5.0
-0.9638682265733604,0.126802118034613,-0.010880317588203592,-0.024384130988284503,-0.17586697921948216,5.0
-0.960643606429608,0.12705475977991498,-0.0017329647239081192,-0.008128587089379443,-0.17778083363678812,5.0
-0.9645615686291029,0.12748376774050504,0.0006676903150558295,0.004825920999598681,-0.178213022662935,5.0
-0.9542142877853071,0.1233480795231598,-0.00077399691987922,0.0427828098971605,-0.17216492099057357,5.0
-0.9571010172098106,0.12735958766406197,-0.008850921133040476,-0.00822921079001543,-0.17340193662817613,5.0
-0.9629068855603252,-0.12971044012583233,0.004517226681559176,0.007537994828073358,0.17807635006079484,5.0
-0.9634301870611411,0.1267326033850601,-0.009105943371863445,-0.03272417850367316,-0.17608767815554738,5.0
-0.9616596089987308,0.12783184096040298,0.0023179208779258885,0.0006904402036888315,-0.17582116149802418,5.0
-0.9476985756026574,0.12346549269818968,-0.00016006441989490776,-0.0314642245505764,-0.16672211641225265,5.0
-0.962262477717149,0.12666900332823103,-0.005953510961497311,-0.004488224693572836,-0.17829511052066016,5.0
-0.9524237505943081,0.12411863296199421,-0.023386681805499913,-0.024036143869518353,-0.1698792918169385,5.0
-0.837052959829738,-0.06819015631192521,0.08022660039971201,0.03291346520354675,0.1307035669602437,5.0
-0.7385539305889024,-0.02199143190419722,0.11184895412820463,-0.009745825389201606,0.20870725287674366,6.0
-0.8533644279782618,0.05114083118433864,-0.0033645930641604863,-0.005509563518177187,-0.19030209615988278,6.0
-0.8624233368293008,0.0483482410303968,-0.008830784698987583,-0.0010356553717819968,-0.20150839371882892,6.0
-0.8605407955139217,0.04964510890087168,-0.006834729379594602,0.002811115038210782,-0.20067382310887283,6.0
-0.8622570368033139,0.048346608504480276,-0.009222454350806134,0.007578594358919022,-0.19754564265584973,6.0
-0.8715453872418036,0.049421074970467105,-0.013419362711290505,0.00089615159698846,-0.20175317952282876,6.0
-0.8619729351169542,0.0490365205091271,-0.00013687271112488233,0.008295273921822855,-0.1999543510111015,6.0
-0.8644786562990268,0.04921886111825482,-0.004724710265286847,0.0009131760693262672,-0.1966046179983516,6.0
-0.8642364602150971,0.043080478601942744,-0.010246679346690445,-0.005745559205513919,-0.19295596912550153,6.0
-0.8617899879758015,0.04970428715865912,-0.005512640821229145,0.007381586591362267,-0.19960166596603834,6.0
-0.8587445513636724,0.04834914954800339,0.001848884738775325,0.0018781856906856537,-0.19823496112657601,6.0
-0.8641172992301718,0.04937405775551187,-0.004011416095612892,-0.008075750400193744,-0.19908454576139767,6.0
-0.859280840121543,-0.050638191055776,0.0016859428041065142,-0.0025640120834819653,0.1975889318699963,6.0
-0.8603746847442147,0.049625695700437636,-0.0034942144991145694,-0.001893032701797069,-0.19959235450990515,6.0
-0.8623976589978569,-0.04931795367834548,0.009948785973289312,0.002583052549158987,0.19788536006483,6.0
-0.862146290231144,-0.05014382568471662,0.003984170775725514,0.0034801614649911964,0.20055838814279328,6.0
-0.861123573123776,0.04840906877943458,-0.0016225785416152207,-0.00683842724736967,-0.19856438468067397,6.0
-0.8568897827941058,0.046757143674474075,-0.013875364312090951,0.010381765952611161,-0.20053855569524393,6.0
-0.8609049471714936,0.04867950472843266,-0.00748169674956194,0.0009490676925890866,-0.19704702814770766,6.0
-0.8512488899781919,-0.0505248994819617,0.0005351332361271899,0.003525180092459846,0.20313970392308248,6.0
-0.8632647841740645,-0.048841386853079864,0.004580914172642483,-0.0011556723960974903,0.19902166573772637,6.0
-0.863359369726048,-0.04937599067597393,-0.0001436098512986114,-0.0037528080318368047,0.1999874129939422,6.0
-0.8620627210669651,-0.05071174877113405,0.002847549886968176,0.00026642721635784783,0.19855612448968288,6.0
-0.8578027522686102,0.048515198323170805,-0.004468582398804149,-0.0035017457625976713,-0.197828040981413,6.0
-0.8603072706098125,0.04846775862701967,-0.0017525251339153135,-0.005997025754180795,-0.19930570810836906,6.0
-0.7685683224182651,0.03354394629788078,0.07863352242448361,-0.03388893798457711,-0.18433607133113128,6.0
-0.8597302192193721,0.04963391127396491,-0.008385607099883816,-0.004387125888181384,-0.20120244449269034,6.0
-0.861395073412414,-0.051381602653594,0.0025959103368897824,-0.0044395179052389554,0.2005211851747986,6.0
-0.868494698142141,0.04842083192256033,-2.421104813904384e-05,0.0026987019200984037,-0.19672733555662605,6.0
-0.8623279665768391,-0.050112660967138886,0.004609253823853528,0.0012616463154265375,0.19993493813057403,6.0
-0.7685238688513689,-0.03720389307056575,0.09154614781014006,-0.041522815885263305,0.18892391096164193,6.0
-0.861479206051461,0.049673738139302426,-0.005641847287744143,-0.0014549143468594028,-0.19468710891359745,6.0
-0.8504024845084902,-0.04573427739752364,0.00309739307933818,-0.0077294900059456375,0.20334457526433694,6.0
-0.8596579416311565,0.044843663003954155,-0.00843260023451797,0.005687652618589343,-0.20065135465140715,6.0
-0.8599027417205449,0.047093870968541174,-0.012738672478579538,0.004611705359984216,-0.19896908361520876,6.0
-0.8573386861470262,0.04841554190352683,-0.008448143727505162,-0.007619621047940392,-0.20133919139645706,6.0
-0.86051419674228,0.04882833171143898,-0.005558015316003687,-0.0027972657868373025,-0.19243541412360235,6.0
-0.8618566095035315,0.04911193397120537,0.005524747329891109,-0.008262679985732518,-0.20232128349709583,6.0
-0.8666559346987346,-0.04978136934373809,0.0014690644677473885,-0.0016367941591132378,0.20155098976638944,6.0
-0.8588149885981042,0.048558740280649965,0.0022954710262446747,-0.008302770079115403,-0.1982125214964005,6.0
-0.8601921678348002,0.04941214117576648,-0.003970042869777313,-0.014658352249179222,-0.2038608379642214,6.0
-0.8596558255250687,-0.050108188074631965,0.008666311264923076,0.002173965487805135,0.20216216800987755,6.0
-0.8532658356318465,0.04812397727013067,0.0013140245521105602,-0.008521437891381115,-0.19875308696559316,6.0
-0.8581272268189931,0.050230956282855496,-0.003635344085295334,3.1591116928636386e-06,-0.2013969670082895,6.0
-0.8618272213098712,0.04853003523107874,-0.00546421941215947,0.0013434913492558884,-0.19871959005565873,6.0
-0.8621142255982929,-0.050476547437265325,0.004460091832438441,0.002759290484180681,0.19874202813170266,6.0
-0.8531813757667285,0.04887792174908705,-0.003642649537347685,0.0008945370321843342,-0.1970259674344816,6.0
-0.8617086251679691,0.04926769165426442,-0.001015636682705726,0.0014667862443557846,-0.19813230438071908,6.0
-0.8633285956274829,0.04630634212198443,-0.005313935373671394,-0.0003684426416465225,-0.1956511590701157,6.0
-0.8717330974128095,-0.04372218591342468,0.005512330025314415,0.0019572706145989972,0.2133380965967809,6.0
-0.9203906589768196,-0.0764825998601029,-0.020808753172424897,0.04674033021351046,0.1614722586778548,6.0
-0.9146231077621094,0.01215016079305599,0.47295784313725536,-0.0728875658094116,0.010488048626347581,6.0
-0.9697015171030566,0.008948944792672985,0.00992799219301099,-0.010907409930712174,0.32142243187940733,6.0
-0.8596065724184423,-0.05005342640292779,0.005114397505845408,-0.0036913000004818253,0.19828257207960795,6.0
-0.8627136427413181,0.04640699568121656,-0.00784490153490481,0.004200318237469225,-0.19601760926841516,6.0
-0.8606649742339888,0.04770095665039704,-0.0015791516626909455,0.0016703087006294153,-0.20082175819965212,6.0
-0.8629265137914249,0.049705814142203625,-0.0068931902735167765,0.006817602430157901,-0.20142127078973765,6.0
-0.8659855499695507,0.047416918928863176,-0.011627683077074224,0.00021204836187715796,-0.1986506777609619,6.0
-0.8612277549811689,-0.0501339651888062,0.001069362481082937,0.0002548485211657549,0.19749243491229249,6.0
-0.8544157565219573,0.045546553977310736,-0.019977810915187376,0.01572584397355792,-0.1984797618965322,6.0
-0.8613600935668602,0.04957003154967425,-0.006833979901873338,-0.003742364785899906,-0.19967258815723407,6.0
-0.8375440764731796,0.042159428173130044,0.008073655267406627,-0.020678999069325774,-0.20477409742164207,6.0
-0.8557307870274405,-0.04505271449131112,0.014625356991709628,-0.0031559410613699727,0.20085021130599512,6.0
-0.8729414980314977,0.049964326029826533,-0.002451900374711182,-0.0047483959031418424,-0.20017563472885946,6.0
-0.9100876486446088,-0.02227882705525231,0.04404378488543442,-0.05705663949479248,-0.015302762553993815,7.0
-0.781485570593193,-0.12512071528857016,0.0011598693032199554,-0.007445246526950944,-0.20890002491535825,7.0
-0.7767135661442807,-0.12560492924784558,-0.002340850974234563,-0.006448097564754435,-0.20673925863840772,7.0
-0.7830885616975685,0.12625201402395178,8.71699155955906e-05,0.005619784226164704,0.204710609056828,7.0
-0.7841512712963089,0.12693689282455897,0.0012289471992611837,0.011939435442725892,0.21002346748858683,7.0
-0.7806040878026358,0.12457414674119559,-0.0032242164393834426,0.010111876203475579,0.2087715020364875,7.0
-0.7830350256508817,-0.12681930302976147,0.0030584004753204624,-0.007399065879059173,-0.20551280360902144,7.0
-0.7782380869269181,-0.12670321065320053,-0.003777407218896172,0.0030337924777621332,-0.20684524738342078,7.0
-0.7833657263665447,-0.12558666796801682,0.0003674851324021708,-0.001343704609018957,-0.20624443321091576,7.0
-0.7846259013874252,-0.12793675298449006,-0.005693411051040203,-0.002745661704131586,-0.20435467876143354,7.0
-0.782555736266185,-0.12617319797075008,0.002516410549320336,-0.002858222519321601,-0.19939126897126044,7.0
-0.7828149988108323,-0.12681677509362224,-0.003170985654886367,0.0016520882033012082,-0.20609233959963738,7.0
-0.7859643891511228,-0.12791580518840226,-0.005314905509345654,-0.0025561991072080258,-0.21030293187472382,7.0
-0.7818303606445747,0.12599974053163066,-0.0003306310069853296,0.00665122190330495,0.2040978833359107,7.0
-0.7785317005477053,-0.12529764508257385,0.0011236257765483725,-0.008395518836433299,-0.20255423896645888,7.0
-0.7809183652353543,-0.12497372414181543,0.0012911450159225296,-0.004886611881831658,-0.20270826579006035,7.0
-0.7781764175726044,-0.1264090511722519,-0.004752856208535266,-0.0009107837812653185,-0.20341762344214318,7.0
-0.7856472358866082,-0.12658693795247242,-0.005399938942707779,-0.0007738593473322977,-0.2157825944594278,7.0
-0.7799151117677411,0.12456142913994257,-0.0011954519682661473,0.008606371648872103,0.2076245672686398,7.0
-0.7786247324238754,-0.127615140971374,-0.005524244324395549,0.002189059501017546,-0.21215362264249368,7.0
-0.7789269238351707,-0.1250513604711253,-0.002158438124674431,-0.008481859489673971,-0.20638417912456214,7.0
-0.7804431104381069,0.1254736643096,0.0017664120209906573,-0.005856018607247331,0.20293218569341467,7.0
-0.774169132476443,0.12466813590646679,-0.0027897215232167267,-0.003802798545106777,0.19741119781828081,7.0
-0.773619159717585,0.12800085494890104,0.0034098802708584,-0.007415264062427646,0.2158046304209513,7.0
-0.7788586215889086,0.12583730678876612,-0.0025557026030254807,0.00585410306513052,0.20838143211212687,7.0
-0.7853026405886596,-0.12742312852141474,0.007333388776928596,-0.004810872206847021,-0.21386414678606913,7.0
-0.7916638978090031,-0.1497280292138195,-0.005783259431698863,0.0064307165694873865,-0.23189193808851308,7.0
-0.7807147364470426,0.12331859872866106,-0.0023992922521078163,0.009131663128030262,0.2085489516722532,7.0
-0.7851060105131465,-0.12685378780597245,0.0037591446669973387,-0.005167137550816532,-0.20602538221532626,7.0
-0.7794943359258297,0.12483366218860521,-0.0007425607986935685,0.009032627563486583,0.20242700643776804,7.0
-0.7807531412098245,-0.12524695990102866,0.006642147111421246,-0.012714676053340554,-0.2199410853860123,7.0
-0.7831373845217574,-0.12652162208599574,-0.0009700408904684554,-0.004215528025457726,-0.207869852098406,7.0
-0.7999954750868811,-0.1309914218051307,0.007438603801830297,-0.0024101397137622346,-0.216748514000384,7.0
-0.7812192637096755,-0.12538774502438482,-0.00043498017001956626,-0.005687944754603589,-0.20505641316386208,7.0
-0.7800699309388357,0.124650680847212,-0.0014595377128967012,0.005550663924899759,0.2094974525270909,7.0
-0.7839864567064774,-0.12761271502356303,0.004376482949292661,-0.009954122257264154,-0.2039573206108888,7.0
-0.7705645782837868,-0.12331864394314555,0.003190593414006452,-0.011715372186339492,-0.21512342084309063,7.0
-0.78104765859059,-0.12608640774388838,0.0009166154343563076,-0.004006305416195016,-0.20132968582225486,7.0
-0.7815706073864587,-0.12666557857571473,0.0030383776921573077,-0.002502356325145039,-0.20380853705288984,7.0
-0.777283700351311,-0.12530267489369198,-2.046159073945316e-05,-0.0034326207558632226,-0.2041235736547116,7.0
-0.7772207673468058,0.1256235845381097,-0.0006500502934076597,0.004577604942992398,0.2050540564947682,7.0
-0.7851976066397973,-0.1270776759940734,-0.003253676577834581,-0.003737641533187798,-0.20345991521956694,7.0
-0.7763223305563477,0.12456380041608273,-0.00020960939517979742,0.008814580083644979,0.21481986814689666,7.0
-0.7837689343424488,0.12574813023662143,-0.0018220793601675667,0.0038078529840683837,0.20497945150776725,7.0
-0.7922297282522505,-0.137546325455307,0.0022660405721685126,-0.01608626010119236,-0.2154072809278569,7.0
-0.7773451123317686,-0.12390749469952787,0.0010384127180614003,-0.007383422262433628,-0.20678321370383576,7.0
-0.7826167995831442,0.12508135725794625,0.0008181703105021037,0.0003299326563621149,0.20735957443774725,7.0
-0.7761420302039964,0.12397815271996801,0.006467982844593072,-0.0009338762882339494,0.20836519376245904,7.0
-0.7894915487967464,-0.12880229541719976,-0.0020079059641232066,0.0006600504852834708,-0.21857324064371378,7.0
-0.7863800079819169,-0.12669168844092796,0.002101093971158201,-0.004559885412211852,-0.20495028644242205,7.0
-0.7803424713976815,-0.12521829043128516,-0.00046281613827782393,-0.0026294651992387753,-0.20481564116374332,7.0
-0.7757832961914979,0.12546138851600178,0.0004358727936572172,-0.0044157892842654365,0.2060527968335001,7.0
-0.7819928145388687,-0.12675807077687476,-0.0006001076362784514,0.0015505004502918529,-0.2079471850884703,7.0
-0.7827402150823899,-0.12680436977138734,-0.00080408401598293,-0.002475857771634936,-0.20735770616860322,7.0
-0.780644867046646,-0.12678933828234135,-0.012266130540681847,-0.007609379706371185,-0.2189886655529417,7.0
-0.7834266572611388,-0.1290633738944817,-0.0066843382663557644,0.004063625342687436,-0.2112012910632489,7.0
-0.7802573289231834,-0.12543412461646297,-0.006263221175622805,-0.0005165731663953048,-0.20603514719674093,7.0
-0.7884739129067051,-0.1279181782014226,-0.0008383181188817483,-0.0055516202014251,-0.2101038695682971,7.0
-0.7763888879589573,0.12354341386831308,0.003309310745152689,0.009792079907727859,0.20271652327793466,7.0
-0.7847805081107839,-0.12655845756423842,-4.0049406824098324e-05,-0.0075378328078440195,-0.20031702896567094,7.0
-0.7853006541643083,-0.12652201911123043,0.00044600744338680167,-0.002082993940055996,-0.20422810381187254,7.0
-0.7807767178248817,-0.1252241268396402,-0.0034449931956261415,-0.0007384701590990782,-0.20826551806608615,7.0
-0.7804086526965104,-0.1268270803902575,0.0018093576788394676,-0.009965710490863363,-0.21103919619224615,7.0
-0.7787431470725227,-0.1266251392377808,-0.005337092045822435,-0.00395270507539543,-0.20869923604388996,7.0
